Title,Takeaway,Authors,Year,Citations,Abstract,Study Type,Journal,Journal SJR Quartile,DOI,Consensus Link
"Multi-modular AI Approach to Streamline Autism Diagnosis in Young Children","Our multi-modular AI-based assessment of autism in young children outperforms baseline screeners in accuracy and speed, reducing wait times for diagnosis.","H. Abbas, F. Garberson, Stuart Liu-Mayo, Eric Glover, D. Wall",2020,94,"Autism has become a pressing healthcare challenge. The instruments used to aid diagnosis are time and labor expensive and require trained clinicians to administer, leading to long wait times for at-risk children. We present a multi-modular, machine learning-based assessment of autism comprising three complementary modules for a unified outcome of diagnostic-grade reliability: A 4-minute, parent-report questionnaire delivered via a mobile app, a list of key behaviors identified from 2-minute, semi-structured home videos of children, and a 2-minute questionnaire presented to the clinician at the time of clinical assessment. We demonstrate the assessment reliability in a blinded, multi-site clinical study on children 18-72 months of age (n = 375) in the United States. It outperforms baseline screeners administered to children by 0.35 (90% CI: 0.26 to 0.43) in AUC and 0.69 (90% CI: 0.58 to 0.81) in specificity when operating at 90% sensitivity. Compared to the baseline screeners evaluated on children less than 48 months of age, our assessment outperforms the most accurate by 0.18 (90% CI: 0.08 to 0.29 at 90%) in AUC and 0.30 (90% CI: 0.11 to 0.50) in specificity when operating at 90% sensitivity.","non-rct observational study","Scientific Reports","1","10.1038/s41598-020-61213-w","https://consensus.app/papers/multimodular-ai-approach-to-streamline-autism-diagnosis-abbas-garberson/cf565ae5cf335d61b3817fe177285d1e/"
"Evaluation of an artificial intelligence-based medical device for diagnosis of autism spectrum disorder","The artificial intelligence-based medical device accurately diagnoses autism spectrum disorder in nearly a third of primary care patients, potentially facilitating earlier intervention and efficient use of specialist resources.","Jonathan T. Megerian, Sangeeta Dey, R. Melmed, D. Coury, M. Lerner, C. Nicholls, K. Sohl, Rambod Rouhbakhsh, Anandhi Narasimhan, Jonathan E. Romain, Sailaja Golla, Safiullah Shareef, Andrey Ostrovsky, Jennifer Shannon, Colleen Kraft, Stuart Liu-Mayo, H. Abbas, Diana E. Gal-Szabo, D. Wall, S. Taraman",2022,75,"Autism spectrum disorder (ASD) can be reliably diagnosed at 18 months, yet significant diagnostic delays persist in the United States. This double-blinded, multi-site, prospective, active comparator cohort study tested the accuracy of an artificial intelligence-based Software as a Medical Device designed to aid primary care healthcare providers (HCPs) in diagnosing ASD. The Device combines behavioral features from three distinct inputs (a caregiver questionnaire, analysis of two short home videos, and an HCP questionnaire) in a gradient boosted decision tree machine learning algorithm to produce either an ASD positive, ASD negative, or indeterminate output. This study compared Device outputs to diagnostic agreement by two or more independent specialists in a cohort of 18-72-month-olds with developmental delay concerns (425 study completers, 36% female, 29% ASD prevalence). Device output PPV for all study completers was 80.8% (95% confidence intervals (CI), 70.3%-88.8%) and NPV was 98.3% (90.6%-100%). For the 31.8% of participants who received a determinate output (ASD positive or negative) Device sensitivity was 98.4% (91.6%-100%) and specificity was 78.9% (67.6%-87.7%). The Device's indeterminate output acts as a risk control measure when inputs are insufficiently granular to make a determinate recommendation with confidence. If this risk control measure were removed, the sensitivity for all study completers would fall to 51.6% (63/122) (95% CI 42.4%, 60.8%), and specificity would fall to 18.5% (56/303) (95% CI 14.3%, 23.3%). Among participants for whom the Device abstained from providing a result, specialists identified that 91% had one or more complex neurodevelopmental disorders. No significant differences in Device performance were found across participants' sex, race/ethnicity, income, or education level. For nearly a third of this primary care sample, the Device enabled timely diagnostic evaluation with a high degree of accuracy. The Device shows promise to significantly increase the number of children able to be diagnosed with ASD in a primary care setting, potentially facilitating earlier intervention and more efficient use of specialist resources.","non-rct observational study","NPJ Digital Medicine","1","10.1038/s41746-022-00598-6","https://consensus.app/papers/evaluation-of-an-artificial-intelligencebased-medical-megerian-dey/015c26441402592897b93bc64e2a6af4/"
"AI-assisted early screening, diagnosis, and intervention for autism in young children","AI-assisted methods improve early screening, diagnosis, and intervention of autism in young children, reducing the age barrier for diagnosis and enhancing personalized interventions.","Sijun Zhang",2025,8,"Autism is a serious threat to an individual's physical and mental health. Early screening, diagnosis, and intervention can effectively reduce the level of deficits in individuals with autism. However, traditional methods of screening, diagnosis, and intervention rely on the professionalism of psychiatrists and require a great deal of time and effort, resulting in a large proportion of individuals with autism being diagnosed after the age of 6. Artificial intelligence (AI) combined with machine learning is being used to improve the efficiency of early screening, diagnosis, and intervention of autism in young children. This review aims to summarize AI-assisted methods for early screening, diagnosis, and intervention of autism in young children (infants, toddlers, and preschoolers). To achieve early screening and diagnosis of autism in young children, AI methods have built predictive models to improve the automation of early behavioral diagnosis, analyzed brain imaging and genetic data to break the age barrier for diagnosis, and established intelligent screening systems for early mass screening. For early intervention of autism in young children, AI methods built intelligent education systems to optimize the teaching and learning environment and provide individualized interventions, constructed intelligent monitoring systems for dynamic tracking, and created intelligent support systems to provide continuous support and meet the diverse needs of young children with autism. As AI continues to develop, further research is needed to build a large and shared database on autism, to generalize and migrate the effects of AI interventions, and to improve the appearance and performance of AI-powered robots, to reduce failure rates and costs of AI technologies.","literature review","Frontiers in Psychiatry","1","10.3389/fpsyt.2025.1513809","https://consensus.app/papers/aiassisted-early-screening-diagnosis-and-intervention-zhang/8e3b78f893085b27a06d4c794af27c67/"
"Autism Detection in Children: Integrating Machine Learning and Natural Language Processing in Narrative Analysis","Machine learning models can accurately distinguish children with ASD from typically-developing peers, achieving 96% accuracy in analyzing narrative and vocabulary skills.","C. Themistocleous, Maria Andreou, Eleni Peristeri",2024,31,"Despite the consensus that early identification leads to better outcomes for individuals with autism spectrum disorder (ASD), recent research reveals that the average age of diagnosis in the Greek population is approximately six years. However, this age of diagnosis is delayed by an additional two years for families from lower-income or minority backgrounds. These disparities result in adverse impacts on intervention outcomes, which are further burdened by the often time-consuming and labor-intensive language assessments for children with ASD. There is a crucial need for tools that increase access to early assessment and diagnosis that will be rigorous and objective. The current study leverages the capabilities of artificial intelligence to develop a reliable and practical model for distinguishing children with ASD from typically-developing peers based on their narrative and vocabulary skills. We applied natural language processing-based extraction techniques to automatically acquire language features (narrative and vocabulary skills) from storytelling in 68 children with ASD and 52 typically-developing children, and then trained machine learning models on the children's combined narrative and expressive vocabulary data to generate behavioral targets that effectively differentiate ASD from typically-developing children. According to the findings, the model could distinguish ASD from typically-developing children, achieving an accuracy of 96%. Specifically, out of the models used, hist gradient boosting and XGBoost showed slightly superior performance compared to the decision trees and gradient boosting models, particularly regarding accuracy and F1 score. These results bode well for the deployment of machine learning technology for children with ASD, especially those with limited access to early identification services.","","Behavioral Sciences","2","10.3390/bs14060459","https://consensus.app/papers/autism-detection-in-children-integrating-machine-themistocleous-andreou/359493e46c3b51e99deead962598f09d/"
"Reliably quantifying the severity of social symptoms in children with autism using ASDSpeech","ASDSpeech is a reliable AI algorithm that can accurately quantify social communication difficulties in ASD children across multiple developmental timepoints.","M. Eni, Y. Zigel, M. Ilan, A. Michaelovski, H. Golan, G. Meiri, I. Menashe, I. Dinstein",2025,3,"Several studies have demonstrated that the severity of social communication problems, a core symptom of Autism Spectrum Disorder (ASD), is correlated with specific speech characteristics of ASD individuals. This suggests that it may be possible to develop speech analysis algorithms that can quantify ASD symptom severity from speech recordings in a direct and objective manner. Here we demonstrate the utility of a new open-source AI algorithm, ASDSpeech, which can analyze speech recordings of ASD children and reliably quantify their social communication difficulties across multiple developmental timepoints. The algorithm was trained and tested on the largest ASD speech dataset available to date, which contained 99,193 vocalizations from 197 ASD children recorded in 258 Autism Diagnostic Observation Schedule, Second edition (ADOS-2) assessments. ASDSpeech was trained with acoustic and conversational features extracted from the speech recordings of 136 children, who participated in a single ADOS-2 assessment, and tested with independent recordings of 61 additional children who completed two ADOS-2 assessments, separated by 1-2 years. Estimated total ADOS-2 scores in the test set were significantly correlated with actual scores when examining either the first (r(59) = 0.544, P < 0.0001) or second (r(59) = 0.605, P < 0.0001) assessment. Separate estimation of social communication and restricted and repetitive behavior symptoms revealed that ASDSpeech was particularly accurate at estimating social communication symptoms (i.e., ADOS-2 social affect scores). These results demonstrate the potential utility of ASDSpeech for enhancing basic and clinical ASD research as well as clinical management. We openly share both algorithm and speech feature dataset for use and further development by the community.","","Translational Psychiatry","1","10.1038/s41398-025-03233-6","https://consensus.app/papers/reliably-quantifying-the-severity-of-social-symptoms-in-eni-zigel/990a576d1c3c53f8b136904cb9fd47c3/"
"Artificial intelligence for tracking social behaviours and supporting an autism spectrum disorder diagnosis: systematic review and meta-analysis","AI algorithms can accurately augment ASD assessments, track social behaviors, and enhance therapy outcomes, but further validation is needed in diverse populations.","Carter Sun, Alistair McEwan, K. A. Boulton, E. Demetriou, Ayesha K Sadozai, Amit Lampit, A. Guastella",2025,1,"","meta-analysis","eBioMedicine","1","10.1016/j.ebiom.2025.105931","https://consensus.app/papers/artificial-intelligence-for-tracking-social-behaviours-sun-mcewan/ee7f3b5c1a7d525f921d7ee11fe732bc/"
"Using Machine Learning for Motion Analysis to Early Detect Autism Spectrum Disorder: A Systematic Review","Machine learning for motion analysis accurately predicts autism spectrum disorder classification as accurately as classical gold standard tools, but its application is still challenging.","Roberta Simeoli, Angelo Rega, Mariangela Cerasuolo, Raffaele Nappo, Davide Marocco",2024,38,"Diagnosis of autism spectrum disorder (ASD) is typically performed using traditional tools based on behavioral observations. However, these diagnosis methods are time-consuming and can be misleading. Integrating machine learning algorithms with technological screening tools within the typical behavioral observations can possibly enhance the traditional assessment and diagnostic process. In the last two decades, to improve the accuracy and reliability of autism detection, many clinicians and researchers began to develop new screening methods by means of advanced technology like machine learning (ML). These methods include artificial neural networks (ANN), support vector machines (SVM), a priori algorithms, and decision trees (DT). Mostly, these methods have been applied to pre-existing datasets, derived from the standard diagnostic and assessment tools, to implement and test predictive models. On the other hand, the detection of new objective behavioral measures such as biomarkers could lead to a significant strengthening of existing screening tools. In the present study, we carried out a critical review of the literature about the latest findings in this field. The aim was to shed light about the effectiveness of using ML systems for motion analysis to enhance both clinical assessment and diagnostic processes. Specifically, we discussed the contribution of ML systems in promoting early diagnosis of ASD. The literature review showed that motion patterns ML analysis predicts ASD classification as accurately as that of classical gold standard tools. However, the application of these methods is still challenging, as discussed in this review.","literature review","Review Journal of Autism and Developmental Disorders","1","10.1007/s40489-024-00435-4","https://consensus.app/papers/using-machine-learning-for-motion-analysis-to-early-detect-simeoli-rega/0a04a747cb1f5ab49080f0232fad19e8/"
"A Scoping Review of AI-Based Approaches for Detecting Autism Traits Using Voice and Behavioral Data","AI shows promising diagnostic performance in ASD diagnosis, with accuracies up to 99%, but challenges in dataset heterogeneity, gender bias, and small sample sizes hinder clinical implementation and generalizability.","Hajarimino Rakotomanana, Ghazal Rouhafzay",2025,2,"This scoping review systematically maps the rapidly evolving application of Artificial Intelligence (AI) in Autism Spectrum Disorder (ASD) diagnostics, specifically focusing on computational behavioral phenotyping. Recognizing that observable traits like speech and movement are critical for early, timely intervention, the study synthesizes AI's use across eight key behavioral modalities. These include voice biomarkers, conversational dynamics, linguistic analysis, movement analysis, activity recognition, facial gestures, visual attention, and multimodal approaches. The review analyzed 158 studies published between 2015 and 2025, revealing that modern Machine Learning and Deep Learning techniques demonstrate highly promising diagnostic performance in controlled environments, with reported accuracies of up to 99%. Despite this significant capability, the review identifies critical challenges that impede clinical implementation and generalizability. These persistent limitations include pervasive issues with dataset heterogeneity, gender bias in samples, and small overall sample sizes. By detailing the current landscape of observable data types, computational methodologies, and available datasets, this work establishes a comprehensive overview of AI's current strengths and fundamental weaknesses in ASD diagnosis. The article concludes by providing actionable recommendations aimed at guiding future research toward developing diagnostic solutions that are more inclusive, generalizable, and ultimately applicable in clinical settings.","literature review","Bioengineering","3","10.3390/bioengineering12111136","https://consensus.app/papers/a-scoping-review-of-aibased-approaches-for-detecting-rakotomanana-rouhafzay/f35928b3ab5d558188049463a1b4108e/"
"Artificial Intelligence in Autism Spectrum Disorder Diagnosis: A Scoping Review of Face, Voice, and Text Analysis Methods","Artificial intelligence can enhance autism spectrum disorder diagnosis by identifying autism-related facial features, atypical speech patterns, and linguistic markers through facial, vocal, and text analysis methods.","Fatemeh Mohammadi, Hassan Shahrokhi, Afsoon Asadzadeh, Saeed Pirmoradi, Ali Moghtader, Peyman Rezaei-Hachesu",2025,0,"Autism is a complex neurodevelopmental condition affecting social interaction and behavior. Traditional diagnostic methods, relying on observational techniques and interviews conducted by trained professionals, remain the gold standard for ASD diagnosis. However, these methods can be time-consuming and may be influenced by subjective factors. Recent advancements in artificial intelligence (AI) offer promising approaches to augment existing methods, potentially enhancing efficiency and providing additional objective data through facial, vocal, and textual analysis. The objective of this study was to conduct a comprehensive review of artificial intelligence applications in autism spectrum disorder (ASD) diagnosis, specifically focusing on facial, vocal, and textual analysis methods. A comprehensive search was conducted in PubMed, Web of Science, Scopus, and Google Scholar. The findings were reported in accordance with the PRISMA checklist. Data were collated and summarized, and results were reported qualitatively, adopting a narrative synthesis approach. In facial image analysis, deep learning algorithms demonstrated high accuracy in identifying autism-related facial features, algorithms such as Xception achieved 98% accuracy, while hybrid approaches like the combination of Random Forest (RF) and VGG16-MobileNet showed accuracy at 99%. Voice analysis studies utilized both traditional machine learning methods and advanced deep learning techniques, achieving accuracies between 70% and 98% in detecting atypical speech patterns and prosodic abnormalities associated with autism. Text-based analyses showed potential in identifying linguistic markers of autism through natural language processing techniques. Overall, Deep learning approaches were mainly employed in facial image analysis for autism diagnosis. In contrast, voice and text recognition studies utilized machine learning algorithms. This review demonstrates artificial intelligence's significant role in diagnosing autism spectrum disorder (ASD). These AI-driven approaches can complement traditional diagnostic methods, potentially leading to earlier interventions and improved outcomes for individuals with ASD.","systematic review","Health Science Reports","2","10.1002/hsr2.71476","https://consensus.app/papers/artificial-intelligence-in-autism-spectrum-disorder-mohammadi-shahrokhi/aaab706ef07c5ac09be2b00d0ae39199/"
"Autism AI: a New Autism Screening System Based on Artificial Intelligence","The proposed autism screening system using deep learning algorithms, such as Convolutional Neural Networks (CNNs), provides higher accuracy, sensitivity, and specificity compared to conventional screening methods, improving efficiency and accessibility.","S. R. Shahamiri, F. Thabtah",2020,99,"Autistic spectrum disorder (ASD) is a neurodevelopment condition normally linked with substantial healthcare costs and time-consuming assessments where early detection of ASD traits can help limit the development of the condition. The existing conventional ASD screening methods contain a large number of items and are based on domain expert rules which may be criticized of being lengthy and subjective. More importantly, these methods use basic scoring functions to pinpoint to autistic traits rather intelligently learning patterns from cases and controls which can be more accurate and efficient. One promising solution to deal with the above issues and speed up ASD assessment referrals is to develop intelligent artificial intelligence screening methods that not only provide accurate pre-diagnostic classifications but also improve the efficiency and accessibility of the screening process. This paper proposes a new autism screening system that replaces the conventional scoring functions in classic screening methods with deep learning algorithms. The system is composed of a mobile application that provides the user interface capturing questionnaire data; an intelligent ASD detection web service that interfaces with a Convolutional Neural Network (CNN) trained with historical ASD cases; and a database that enables the CNN to learn new knowledge from future users of the system. The CNN classification method was evaluated against a large autism dataset consisting of adult, adolescent, child, and toddler cases and controls. The results obtained from the CNN were compared with other intelligent algorithms in which superior performance was achieved by the CNN. Particularly, the proposed CNN-based ASD classification system revealed higher accuracy, sensitivity, and specificity when compared with conventional screening methods. This indeed will be of high benefit for busy medical clinics and diagnosticians and could possibly be a new direction to change the way ASD diagnosis process is conducted in the future.","","Cognitive Computation","1","10.1007/s12559-020-09743-3","https://consensus.app/papers/autism-ai-a-new-autism-screening-system-based-on-artificial-shahamiri-thabtah/2c39beef3969558085fdf3d9e6ecdb50/"
"An evaluation of machine learning approaches for early diagnosis of autism spectrum disorder","Machine learning models can effectively detect autism spectrum disorder, with spectral clustering outperforming other benchmarking models in terms of NMI and ARI metrics.","Rownak Ara Rasul, Promy Saha, Diponkor Bala, S. M. R. U. Karim, Md. Ibrahim Abdullah, Bishwajit Saha",2023,70,"","","Healthcare Analytics","2","10.1016/j.health.2023.100293","https://consensus.app/papers/an-evaluation-of-machine-learning-approaches-for-early-rasul-saha/20284b582f1853ae9530c9438ed01a1d/"
"Detection of Autism Spectrum Disorder in Children Using Machine Learning Techniques","Machine learning techniques, particularly Logistic Regression, can improve the accuracy and speed of detecting Autism Spectrum Disorder in children, enhancing early diagnosis and treatment.","Kaushik Vakadkar, Diya Purkayastha, Deepa Krishnan",2021,155,"Autism Spectrum Disorder (ASD) is a neurological disorder which might have a lifelong impact on the language learning, speech, cognitive, and social skills of an individual. Its symptoms usually show up in the developmental stages, i.e., within the first two years after birth, and it impacts around 1% of the population globally [https://www.autism-society.org/whatis/facts-and-statistics/. Accessed 25 Dec 2019]. ASD is mainly caused by genetics or by environmental factors; however, its conditions can be improved by detecting and treating it at earlier stages. In the current times, clinical standardized tests are the only methods which are being used, to diagnose ASD. This not only requires prolonged diagnostic time but also faces a steep increase in medical costs. To improve the precision and time required for diagnosis, machine learning techniques are being used to complement the conventional methods. We have applied models such as Support Vector Machines (SVM), Random Forest Classifier (RFC), Naïve Bayes (NB), Logistic Regression (LR), and KNN to our dataset and constructed predictive models based on the outcome. The main objective of our paper is to thus determine if the child is susceptible to ASD in its nascent stages, which would help streamline the diagnosis process. Based on our results, Logistic Regression gives the highest accuracy for our selected dataset.","","Sn Computer Science","2","10.1007/s42979-021-00776-5","https://consensus.app/papers/detection-of-autism-spectrum-disorder-in-children-using-vakadkar-purkayastha/0c4f0e999d035a7f94d15cfec173dacf/"
"Enhancing ASD detection accuracy: a combined approach of machine learning and deep learning models with natural language processing","AI, particularly deep learning models, can enhance the accuracy of diagnosing autism spectrum disorder by analyzing text inputs from social media platforms like Twitter.","Sergio Rubio-Martín, María Teresa García-Ordás, Martín Bayón-Gutiérrez, Natalia Prieto-Fernández, J. Benítez-Andrades",2024,33,"The main aim of our study was to explore the utility of artificial intelligence (AI) in diagnosing autism spectrum disorder (ASD). The study primarily focused on using machine learning (ML) and deep learning (DL) models to detect ASD potential cases by analyzing text inputs, especially from social media platforms like Twitter. This is to overcome the ongoing challenges in ASD diagnosis, such as the requirement for specialized professionals and extensive resources. Timely identification, particularly in children, is essential to provide immediate intervention and support, thereby improving the quality of life for affected individuals. We employed natural language processing (NLP) techniques along with ML models like decision trees, extreme gradient boosting (XGB), k-nearest neighbors algorithm (KNN), and DL models such as recurrent neural networks (RNN), long short-term memory (LSTM), bidirectional long short-term memory (Bi-LSTM), bidirectional encoder representations from transformers (BERT and BERTweet). We extracted a dataset of 404,627 tweets from Twitter users using the platform's API and classified them based on whether they were written by individuals claiming to have ASD (ASD users) or by those without ASD (non-ASD users). From this dataset, we used a subset of 90,000 tweets (45,000 from each classification group) for the training and testing of these models. The application of our AI models yielded promising results, with the predictive model reaching an accuracy of almost 88% when classifying texts that potentially originated from individuals with ASD. Our research demonstrated the potential of using AI, particularly DL models, in enhancing the accuracy of ASD detection and diagnosis. This innovative approach signifies the critical role AI can play in advancing early diagnostic techniques, enabling better patient outcomes and underlining the importance of early identification of ASD, especially in children.","","Health Information Science and Systems","","10.1007/s13755-024-00281-y","https://consensus.app/papers/enhancing-asd-detection-accuracy-a-combined-approach-of-rubio-mart%C3%ADn-garc%C3%ADa-ord%C3%A1s/ac929452055c500a874d87fe37f45e00/"
"Artificial intelligence-based approaches for improving the diagnosis, triage, and prioritization of autism spectrum disorder: a systematic review of current trends and open issues","AI applications show promise in improving early diagnosis and triage for Autism Spectrum Disorder, but more research is needed to address research gaps and enhance patient care.","Shahad Sabbar Joudar, A. Albahri, Rula A. Hamid, Idrees A. Zahid, M. E. Alqaysi, O. Albahri, A. Alamoodi",2023,42,"The artificial intelligence (AI) trend to embrace Autism Spectrum Disorder (ASD) has dramatically transformed the landscape of medical diagnosis. People often exhibit fear and apprehension towards conditions they lack understanding of, and ASD being a complex affliction, poses challenges in comprehending its intricacies. Researchers have harnessed AI applications to improve the precision of disease diagnosis by utilizing Magnetic Resonance Imaging (MRI), Electroencephalography (EEG), genetic, sociodemographic, and medical data. However, the development of AI systems for early diagnosis and triage in healthcare is still in its nascent stages. In particular, studies have revealed a global increase in the prevalence of ASD, with an estimated 1 in 59 children being diagnosed. However, there is a lack of up-to-date information regarding the current status of ASD. This study aims to provide a systematic review of AI applications in early diagnosis and triage for ASD, supplementing the findings of previous studies and offering a comprehensive overview of the evidence. To achieve this, a rigorous literature search method and selection criteria were employed, resulting in the identification of 46 recent contributions on the applications of AI in ASD from various databases, including ScienceDirect (SD), IEEE Xplore digital library (IEEE), Web of Science (WOS), PubMed, and Scopus. The selected papers were categorized into three main categories: ASD triage levels, clinical diagnosis for ASD, and diagnosis based on telemedicine, with further subcategories under the clinical diagnosis category. Theoretical and practical aspects of AI methods used for ASD diagnosis, as well as the presentation utilizing data analytics, were presented. The paper presents a systematic and comprehensive analysis of previous studies, examining the challenges, motivations, and recommendations, thereby paving the way for potential future research. Additionally, the work provides decisive evidence for the use of AI in ASD healthcare diagnosis and triage, offering nine critical analyses of the current state-of-the-art and addressing relevant research gaps. To the best of our knowledge, this study is innovative in exploring the feasibility of using AI in ASD medical diagnosis and triage. It highlights essential pieces of information, including Explainable AI (XAI), Auto machine learning (AutoML), Internet of Things (IoT)-based AI, robot-assisted therapy-based AI, telemedicine, data fusion techniques, and available ASD datasets with different aspects. The analysis of the revised contributions reveals crucial implications for academics and practitioners. The paper also proposes potential methodological aspects to enhance the triage and prioritization of autistic patients using AI applications in the medical sector, as well as addressing theoretical and practical application aspects and five methodology phases using fuzzy Multi-Criteria Decision Making (MCDM) methods in ASD triage and prioritization.","systematic review","Artificial Intelligence Review","1","10.1007/s10462-023-10536-x","https://consensus.app/papers/artificial-intelligencebased-approaches-for-improving-joudar-albahri/cc7aaff5aa2f51a39643be9d3e2a6352/"
"The Role of Artificial Intelligence for Early Diagnostic Tools of Autism Spectrum Disorder: A Systematic Review","AI-driven approaches show promise in improving diagnostic accuracy, efficiency, and early detection of Autism Spectrum Disorder in pediatric populations aged 0-18 years.","P. Solek, Eka Nurfitri, Indra Sahril, Taufan Prasetya, A. F. Rizqiamuti, Burhan Burhan, Irma Rachmawati, U. Gamayani, Kusnandi Rusmil, L. Chandra, I. Afriandi, Kevin Gunawan",2025,6,"Objective: Autism Spectrum Disorder (ASD) is a complex neurodevelopmental condition characterized by challenges in social communication and repetitive behaviors. This systematic review examines the application of artificial intelligence (AI) in diagnosing ASD, focusing on pediatric populations aged 0-18 years. Materials and methods: A systematic review was conducted following Preferred Reporting Items for Systematic Reviews and Meta-Analyses 2020 guidelines. Inclusion criteria encompassed studies applying AI techniques for ASD diagnosis, primarily evaluated using metriclike accuracy. Non-English articles and studies not focusing on diagnostic applications were excluded. The literature search covered PubMed, ScienceDirect, CENTRAL, ProQuest, Web of Science, and Google Scholar up to November 9, 2024. Bias assessment was performed using the Joanna Briggs Institute checklist for critical appraisal. Results: The review included 25 studies. These studies explored AI-driven approaches that demonstrated high accuracy in classifying ASD using various data modalities, including visual (facial, home videos, eye-tracking), motor function, behavioral, microbiome, genetic, and neuroimaging data. Key findings highlight the efficacy of AI in analyzing complex datasets, identifying subtle ASD markers, and potentially enabling earlier intervention. The studies showed improved diagnostic accuracy, reduced assessment time, and enhanced predictive capabilities. Conclusion: The integration of AI technologies in ASD diagnosis presents a promising frontier for enhancing diagnostic accuracy, efficiency, and early detection. While these tools can increase accessibility to ASD screening in underserved areas, challenges related to data quality, privacy, ethics, and clinical integration remain. Future research should focus on applying diverse AI techniques to large populations for comparative analysis to develop more robust diagnostic models.","systematic review","Turkish Archives of Pediatrics","3","10.5152/turkarchpediatr.2025.24183","https://consensus.app/papers/the-role-of-artificial-intelligence-for-early-diagnostic-solek-nurfitri/ec5940220c0b5408a71034f5c05354da/"
"Reliable Autism Spectrum Disorder Diagnosis for Pediatrics Using Machine Learning and Explainable AI","Machine learning and explainable AI combined with a rigorous data-preprocessing pipeline improve the accuracy and interpretability of autism spectrum disorder diagnosis in pediatrics.","Insu Jeon, Minjoong Kim, Dayeong So, Eun Young Kim, Yunyoung Nam, Seungsoo Kim, Sehoon Shim, Joungmin Kim, Jihoon Moon",2024,17,"As the demand for early and accurate diagnosis of autism spectrum disorder (ASD) increases, the integration of machine learning (ML) and explainable artificial intelligence (XAI) is emerging as a critical advancement that promises to revolutionize intervention strategies by improving both accuracy and transparency.This paper presents a method that combines XAI techniques with a rigorous data-preprocessing pipeline to improve the accuracy and interpretability of ML-based diagnostic tools. Our preprocessing pipeline included outlier removal, missing data handling, and selecting pertinent features based on clinical expert advice. Usingand thepackage (version 6.0.94), we developed and compared several ML algorithms, validated using 10-fold cross-validation and optimized by grid search hyperparameter tuning. XAI techniques were employed to improve model transparency, offering insights into how features contribute to predictions, thereby enhancing clinician trust.Rigorous data-preprocessing improved the models' generalizability and real-world applicability across diverse clinical datasets, ensuring a robust performance. Neural networks and extreme gradient boosting models achieved the best performance in terms of accuracy, precision, and recall. XAI techniques demonstrated that behavioral features significantly influenced model predictions, leading to greater interpretability.This study successfully developed highly precise and interpretable ML models for ASD diagnosis, connecting advanced ML methods with practical clinical application and supporting the adoption of AI-driven diagnostic tools by healthcare professionals. This study's findings contribute to personalized intervention strategies and early diagnostic practices, ultimately improving outcomes and quality of life for individuals with ASD.","","Diagnostics","2","10.3390/diagnostics14222504","https://consensus.app/papers/reliable-autism-spectrum-disorder-diagnosis-for-jeon-kim/102295485ec55e69b88ce0d509b25ac9/"
"The Use of Artificial Intelligence in Screening and Diagnosis of Autism Spectrum Disorder: A Literature Review","AI algorithms show high accuracy, sensitivity, and specificity in classifying autism spectrum disorder (ASD) and non-ASD individuals, but real-world challenges need to be addressed before AI methods can fully integrate into healthcare systems.","Da-Yea Song, So Yoon Kim, Guiyoung Bong, Jong Myeong Kim, H. Yoo",2019,67,"The detection of autism spectrum disorder (ASD) is based on behavioral observations. To build a more objective datadriven method for screening and diagnosing ASD, many studies have attempted to incorporate artificial intelligence (AI) technologies. Therefore, the purpose of this literature review is to summarize the studies that used AI in the assessment process and examine whether other behavioral data could potentially be used to distinguish ASD characteristics. Based on our search and exclusion criteria, we reviewed 13 studies. To improve the accuracy of outcomes, AI algorithms have been used to identify items in assessment instruments that are most predictive of ASD. Creating a smaller subset and therefore reducing the lengthy evaluation process, studies have tested the efficiency of identifying individuals with ASD from those without. Other studies have examined the feasibility of using other behavioral observational features as potential supportive data. While previous studies have shown high accuracy, sensitivity, and specificity in classifying ASD and non-ASD individuals, there remain many challenges regarding feasibility in the real-world that need to be resolved before AI methods can be fully integrated into the healthcare system as clinical decision support systems.","systematic review","Journal of the Korean Academy of Child and Adolescent Psychiatry","3","10.5765/jkacap.190027","https://consensus.app/papers/the-use-of-artificial-intelligence-in-screening-and-song-kim/393a5c903a4453cba3b886df6ace772d/"
"Leveraging AI for the diagnosis and treatment of autism spectrum disorder: Current trends and future prospects.","AI-based diagnostics and interventions show promise in early detection, personalized assessment, and improved social interactions and communication skills for individuals with autism spectrum disorder.","N. Wankhede, Mayur B. Kale, Madhu Shukla, Deepak Nathiya, Roopashree R, Parjinder Kaur, Barkha Goyanka, Sandip R. Rahangdale, B. Taksande, Aman B. Upaganlawar, Mohammad Khalid, S. Chigurupati, M. Umekar, S. Kopalli, S. Koppula",2024,36,"","","Asian journal of psychiatry","1","10.1016/j.ajp.2024.104241","https://consensus.app/papers/leveraging-ai-for-the-diagnosis-and-treatment-of-autism-wankhede-kale/ea4ef15ce7a15aeea87cd8d9618d6641/"
"The use of Artificial Intelligence for Intervention and Assessment in Individuals with ASD","AI-based tools, such as educational robots and adaptive communication tools, can improve diagnosis and intervention for individuals with Autism Spectrum Disorder (ASD).","Aggeliki Sideraki, Christos-Nikolaos Anagnostopoulos",2025,1,"This paper explores the use of Artificial Intelligence (AI) as a tool for diagnosis, assessment, and intervention for individuals with Autism Spectrum Disorder (ASD). It focuses particularly on AI's role in early diagnosis, utilizing advanced machine learning techniques and data analysis. Recent studies demonstrate that deep learning algorithms can identify behavioral patterns through biometric data analysis, video-based interaction assessments, and linguistic feature extraction, providing a more accurate and timely diagnosis compared to traditional methods. Additionally, AI automates diagnostic tools, reducing subjective biases and enabling the development of personalized assessment protocols for ASD monitoring. At the same time, the paper examines AI-powered intervention technologies, emphasizing educational robots and adaptive communication tools. Social robotic assistants, such as NAO and Kaspar, have been shown to enhance social skills in children by offering structured, repetitive interactions that reinforce learning. Furthermore, AI-driven Augmentative and Alternative Communication (AAC) systems allow children with ASD to express themselves more effectively, while machine-learning chatbots provide language development support through personalized responses. The study presents research findings supporting the effectiveness of these AI applications while addressing challenges such as long-term evaluation and customization to individual needs. In conclusion, the paper highlights the significance of AI as an innovative tool in ASD diagnosis and intervention, advocating for further research to assess its long-term impact.","","ArXiv","","10.48550/arxiv.2505.02747","https://consensus.app/papers/the-use-of-artificial-intelligence-for-intervention-and-sideraki-anagnostopoulos/d76cd286671f5eb185555b42cb610535/"
"Role of Artificial Intelligence for Autism Diagnosis Using DTI and fMRI: A Survey","AI and machine learning techniques, particularly deep learning, can improve early, objective ASD diagnosis and detection using brain imaging modalities like DTI and fMRI.","E. Helmy, A. Elnakib, Y. Elnakieb, Mohamed Khudri, Mostafa Abdelrahim, Jawad Yousaf, M. Ghazal, S. Contractor, G. Barnes, A. El-Baz",2023,36,"Autism spectrum disorder (ASD) is a wide range of diseases characterized by difficulties with social skills, repetitive activities, speech, and nonverbal communication. The Centers for Disease Control (CDC) estimates that 1 in 44 American children currently suffer from ASD. The current gold standard for ASD diagnosis is based on behavior observational tests by clinicians, which suffer from being subjective and time-consuming and afford only late detection (a child must have a mental age of at least two to apply for an observation report). Alternatively, brain imaging-more specifically, magnetic resonance imaging (MRI)-has proven its ability to assist in fast, objective, and early ASD diagnosis and detection. With the recent advances in artificial intelligence (AI) and machine learning (ML) techniques, sufficient tools have been developed for both automated ASD diagnosis and early detection. More recently, the development of deep learning (DL), a young subfield of AI based on artificial neural networks (ANNs), has successfully enabled the processing of brain MRI data with improved ASD diagnostic abilities. This survey focuses on the role of AI in autism diagnostics and detection based on two basic MRI modalities: diffusion tensor imaging (DTI) and functional MRI (fMRI). In addition, the survey outlines the basic findings of DTI and fMRI in autism. Furthermore, recent techniques for ASD detection using DTI and fMRI are summarized and discussed. Finally, emerging tendencies are described. The results of this study show how useful AI is for early, subjective ASD detection and diagnosis. More AI solutions that have the potential to be used in healthcare settings will be introduced in the future.","","Biomedicines","1","10.3390/biomedicines11071858","https://consensus.app/papers/role-of-artificial-intelligence-for-autism-diagnosis-helmy-elnakib/b94052456c1c54918cafff6f482dc174/"
