age_band_12mo,task_type,group,cohort_n,confidence_flag,corpus_count,corpora,design_types,age_months_n,age_months_mean,age_months_sd,age_months_median,age_months_q1,age_months_q3,age_months_min,age_months_max,total_utterances_n,total_utterances_mean,total_utterances_sd,total_utterances_median,total_utterances_q1,total_utterances_q3,total_utterances_min,total_utterances_max,mlu_n,mlu_mean,mlu_sd,mlu_median,mlu_q1,mlu_q3,mlu_min,mlu_max,mluw_n,mluw_mean,mluw_sd,mluw_median,mluw_q1,mluw_q3,mluw_min,mluw_max,ttr_n,ttr_mean,ttr_sd,ttr_median,ttr_q1,ttr_q3,ttr_min,ttr_max,total_words_n,total_words_mean,total_words_sd,total_words_median,total_words_q1,total_words_q3,total_words_min,total_words_max,unintelligible_count_n,unintelligible_count_mean,unintelligible_count_sd,unintelligible_count_median,unintelligible_count_q1,unintelligible_count_q3,unintelligible_count_min,unintelligible_count_max,unintelligible_ratio_n,unintelligible_ratio_mean,unintelligible_ratio_sd,unintelligible_ratio_median,unintelligible_ratio_q1,unintelligible_ratio_q3,unintelligible_ratio_min,unintelligible_ratio_max,zero_vocalization_count_n,zero_vocalization_count_mean,zero_vocalization_count_sd,zero_vocalization_count_median,zero_vocalization_count_q1,zero_vocalization_count_q3,zero_vocalization_count_min,zero_vocalization_count_max,nonverbal_vocalization_count_n,nonverbal_vocalization_count_mean,nonverbal_vocalization_count_sd,nonverbal_vocalization_count_median,nonverbal_vocalization_count_q1,nonverbal_vocalization_count_q3,nonverbal_vocalization_count_min,nonverbal_vocalization_count_max,question_ratio_n,question_ratio_mean,question_ratio_sd,question_ratio_median,question_ratio_q1,question_ratio_q3,question_ratio_min,question_ratio_max,echolalia_count_n,echolalia_count_mean,echolalia_count_sd,echolalia_count_median,echolalia_count_q1,echolalia_count_q3,echolalia_count_min,echolalia_count_max,echolalia_ratio_n,echolalia_ratio_mean,echolalia_ratio_sd,echolalia_ratio_median,echolalia_ratio_q1,echolalia_ratio_q3,echolalia_ratio_min,echolalia_ratio_max,pronoun_reversal_count_n,pronoun_reversal_count_mean,pronoun_reversal_count_sd,pronoun_reversal_count_median,pronoun_reversal_count_q1,pronoun_reversal_count_q3,pronoun_reversal_count_min,pronoun_reversal_count_max
108-119,narrative,SLI,10,low_n,1,ENNI,cross,10,113.88900000000001,2.5261540816910686,114.07,112.50500000000001,115.6975,109.03,117.73,10,98.5,48.990361863896815,80.0,67.5,101.5,58,207,10,6.874899999999999,0.6317535472353477,6.916,6.6202499999999995,7.0995,5.672,8.092,10,6.7482,0.6826527993383199,6.779,6.4647499999999996,6.998,5.379,8.023,10,0.37951999999999997,0.036319318397911735,0.36715,0.35855,0.4,0.3343,0.4551,10,650.2,291.85072287805707,566.0,451.5,755.75,312,1260,10,0.3,0.6749485577105528,0.0,0.0,0.0,0,2,10,0.0023699999999999997,0.006000749953130858,0.0,0.0,0.0,0.0,0.0189,10,0.0,0.0,0.0,0.0,0.0,0,0,10,0.5,0.97182531580755,0.0,0.0,0.75,0,3,10,0.0034500000000000004,0.007337158093491573,0.0,0.0,0.0,0.0,0.0193,10,0.4,0.6992058987801011,0.0,0.0,0.75,0,2,10,0.00412,0.009478607492664734,0.0,0.0,0.0036,0.0,0.0303,10,0.0,0.0,0.0,0.0,0.0,0,0
108-119,narrative,TD,50,ok,1,ENNI,cross,50,113.82940000000002,3.3284766448797867,113.785,111.1575,116.4925,108.1,119.83,50,89.22,28.79292004812918,80.5,71.25,98.5,58,192,50,8.066600000000001,0.9576708778093241,8.129000000000001,7.4345,8.66225,6.202,10.41,50,7.865080000000001,0.9276939775154127,7.984999999999999,7.2335,8.39,5.809,10.18,50,0.382402,0.031401673489786876,0.3829,0.36,0.4,0.3086,0.4543,50,707.68,267.4274603151521,656.5,526.5,785.5,399,1699,50,0.0,0.0,0.0,0.0,0.0,0,0,50,0.0,0.0,0.0,0.0,0.0,0.0,0.0,50,0.0,0.0,0.0,0.0,0.0,0,0,50,1.06,2.5904849439628017,0.0,0.0,1.0,0,16,50,0.00017999999999999998,0.0012727922061357858,0.0,0.0,0.0,0.0,0.009,50,0.1,0.30304576336566325,0.0,0.0,0.0,0,1,50,0.001006,0.0031209241174592465,0.0,0.0,0.0,0.0,0.0135,50,0.02,0.14142135623730948,0.0,0.0,0.0,0,1
108-119,toyplay,ASD,4,low_n,1,Flusberg,long,4,113.0025,2.9030257204050587,112.77000000000001,111.22,114.55250000000001,109.87,116.6,4,378.75,106.77195324615917,352.0,324.5,406.25,281,530,4,1.5425,0.1030776406404415,1.5150000000000001,1.495,1.5625,1.45,1.69,4,1.5750000000000002,0.12767145334803703,1.525,1.49,1.61,1.49,1.76,4,0.420725,0.032706612481270526,0.40859999999999996,0.40145,0.427875,0.3971,0.4686,4,569.5,177.45891543302824,512.0,472.0,609.5,427,827,4,23.5,12.793227374930325,20.0,14.5,29.0,13,41,4,0.061549999999999994,0.025684950197862298,0.0608,0.042050000000000004,0.0803,0.0356,0.089,4,0.0,0.0,0.0,0.0,0.0,0,0,4,0.0,0.0,0.0,0.0,0.0,0,0,4,0.034425,0.01360866758111658,0.0321,0.025224999999999997,0.041299999999999996,0.0214,0.0521,4,12.0,6.928203230275509,10.0,9.0,13.0,6,22,4,0.03055,0.010335214882462128,0.0315,0.024975,0.037075,0.0177,0.0415,4,0.25,0.5,0.0,0.0,0.25,0,1
12-23,toyplay,HL,34,ok,1,Ambrose,long,34,17.820588235294117,3.5591775873141276,18.0,14.0,22.0,13.0,22.7,34,114.38235294117646,45.12945333074913,102.5,82.25,152.0,50,201,34,0.21602941176470591,0.3302148506557252,0.0285,0.0,0.3875,0.0,1.25,34,1.0219411764705884,0.06436681865704193,1.0,1.0,1.018,1.0,1.33,34,0.09208529411764704,0.10957263851216203,0.0339,0.01655,0.1489,0.006,0.4059,34,31.205882352941178,55.38229637915138,2.5,0.0,40.25,0,244,34,15.0,22.636789578565295,3.5,0.0,22.0,0,87,34,0.10579411764705882,0.1441887082982333,0.03505,0.0,0.141025,0.0,0.5305,34,0.11764705882352941,0.40933840799980475,0.0,0.0,0.0,0,2,34,58.470588235294116,48.802157983903925,53.5,4.25,94.0,0,159,34,0.0,0.0,0.0,0.0,0.0,0.0,0.0,34,0.20588235294117646,0.5918339122415548,0.0,0.0,0.0,0,2,34,0.0014029411764705884,0.004295909632684621,0.0,0.0,0.0,0.0,0.0204,34,0.0,0.0,0.0,0.0,0.0,0,0
12-23,toyplay,NH,51,ok,1,Ambrose,long,51,17.58823529411765,3.667023155575843,18.0,13.0,22.0,13.0,22.0,51,167.88235294117646,66.58007121018227,153.0,126.5,200.0,54,408,51,0.49054901960784314,0.5673091683985194,0.19,0.0615,0.79,0.0,2.13,51,1.1233529411764704,0.24029596946510873,1.01,1.0,1.115,1.0,2.08,51,0.14144509803921568,0.11799783949501023,0.0876,0.03745,0.2669,0.0043,0.3853,51,96.15686274509804,132.161926824486,29.0,7.0,139.0,0,519,51,24.07843137254902,19.995842705177395,19.0,8.0,38.5,1,80,51,0.1391509803921569,0.09853542788773796,0.1121,0.05405,0.20584999999999998,0.0059,0.3831,51,0.11764705882352941,0.5881176352917641,0.0,0.0,0.0,0,4,51,70.29411764705883,63.56266014497728,61.0,6.0,110.0,0,260,51,0.0,0.0,0.0,0.0,0.0,0.0,0.0,51,2.823529411764706,5.391496572763229,0.0,0.0,2.5,0,20,51,0.012854901960784313,0.022978993134821987,0.0,0.0,0.0133,0.0,0.0726,51,0.0,0.0,0.0,0.0,0.0,0,0
12-23,toyplay,TD,3,low_n,1,Nadig,cross,3,21.689999999999998,1.6985876486069242,20.97,20.72,22.299999999999997,20.47,23.63,3,91.0,49.72926703662542,74.0,63.0,110.5,52,147,3,0.467,0.24251391712641976,0.37,0.32899999999999996,0.5565,0.288,0.743,3,1.053,0.08328865468957942,1.01,1.005,1.0795,1.0,1.149,3,0.22729999999999997,0.05456436566111623,0.2471,0.20634999999999998,0.25815,0.1656,0.2692,3,41.0,22.869193252058544,50.0,32.5,54.0,15,58,3,7.666666666666667,9.865765724632494,3.0,2.0,11.0,1,19,3,0.10709999999999997,0.13211839387458507,0.0577,0.03225,0.15725,0.0068,0.2568,3,1.0,1.0,1.0,0.5,1.5,0,2,3,19.0,8.54400374531753,20.0,15.0,23.5,10,27,3,0.08660000000000001,0.018649128665972573,0.0769,0.07585,0.0925,0.0748,0.1081,3,1.0,1.7320508075688772,0.0,0.0,1.5,0,3,3,0.0135,0.023382685902179845,0.0,0.0,0.02025,0.0,0.0405,3,0.0,0.0,0.0,0.0,0.0,0,0
24-35,toyplay,ASD,10,low_n,1,Rollins,long,10,32.0,2.9814239699997196,32.0,30.5,34.75,26.0,35.0,10,191.7,94.65029201105392,177.0,144.75,218.75,61,411,10,0.163,0.28550345395848054,0.045,0.0,0.19,0.0,0.91,10,1.0586,0.125705299101598,1.0,1.0,1.052,1.0,1.4,10,0.05886,0.0648893280046025,0.0272,0.0134,0.09290000000000001,0.0049,0.1705,10,42.0,95.0789145920377,10.0,1.75,26.0,0,310,10,56.0,19.40217628114033,58.5,47.5,72.0,25,79,10,0.31806999999999996,0.09659550311594335,0.3074,0.269575,0.394025,0.18,0.4483,10,94.6,38.16979608713326,101.0,86.0,119.5,23,141,10,3.2,6.0882400303098,0.5,0.0,2.5,0,19,10,0.00086,0.002719558787744806,0.0,0.0,0.0,0.0,0.0086,10,2.8,8.508818954473059,0.0,0.0,0.0,0,27,10,0.006959999999999999,0.020675492738989314,0.0,0.0,0.0,0.0,0.0657,10,0.0,0.0,0.0,0.0,0.0,0,0
24-35,toyplay,HL,19,low_n,1,Ambrose,long,19,27.342105263157894,1.6320082344133506,27.0,27.0,27.0,26.0,34.0,19,233.42105263157896,104.06745450773407,241.0,160.0,309.0,63,391,19,1.1159999999999999,0.8102282943028396,0.87,0.5345,1.43,0.016,2.76,19,1.4262105263157894,0.5393435906469362,1.15,1.046,1.6,1.0,2.62,19,0.2326368421052632,0.07738704464161023,0.2543,0.20145,0.2955,0.0317,0.3657,19,299.94736842105266,255.9247879280618,204.0,77.0,542.5,1,818,19,65.42105263157895,47.83457116804131,60.0,26.5,88.5,1,186,19,0.2742894736842105,0.15336946999805856,0.2737,0.15685,0.35905,0.0159,0.5432,19,0.3684210526315789,1.382852378872881,0.0,0.0,0.0,0,6,19,15.894736842105264,24.81911167011356,3.0,1.0,18.5,0,81,19,0.0,0.0,0.0,0.0,0.0,0.0,0.0,19,6.315789473684211,6.455425208294419,3.0,0.5,13.0,0,17,19,0.022136842105263156,0.021610008240173135,0.0132,0.0024,0.036,0.0,0.072,19,0.0,0.0,0.0,0.0,0.0,0,0
24-35,toyplay,LT,95,ok,1,EllisWeismer,long,95,30.0,0.0,30.0,30.0,30.0,30.0,30.0,95,125.51578947368421,45.271489115818994,120.0,88.5,157.5,51,253,95,1.4402,0.5343800265409978,1.46,1.025,1.7885,0.404,2.94,95,1.5948210526315794,0.412532525576414,1.561,1.225,1.851,1.0,2.82,95,0.34093894736842106,0.0812709734563316,0.3251,0.2863,0.384,0.1643,0.5588,95,177.2736842105263,88.9768607387364,166.0,111.0,254.5,23,405,95,27.13684210526316,17.16478986758091,23.0,13.5,38.5,3,82,95,0.21714210526315791,0.11505637524658258,0.2188,0.128,0.2667,0.031,0.6842,95,0.25263157894736843,1.020725868679814,0.0,0.0,0.0,0,7,95,3.294736842105263,4.392628458046131,2.0,1.0,4.0,0,23,95,0.0023399999999999996,0.007267698866113718,0.0,0.0,0.0,0.0,0.0523,95,4.08421052631579,4.163323033180517,3.0,1.0,6.0,0,21,95,0.031046315789473686,0.026777852115914175,0.0242,0.0114,0.046700000000000005,0.0,0.1257,95,0.010526315789473684,0.10259783520851541,0.0,0.0,0.0,0,1
24-35,toyplay,NH,16,low_n,1,Ambrose,long,16,27.0,0.0,27.0,27.0,27.0,27.0,27.0,16,297.5625,81.30844052126446,306.5,252.75,333.5,156,509,16,1.9187500000000002,1.0948112470497673,1.7850000000000001,1.1125,2.7750000000000004,0.43,3.8,16,2.035625,0.8177038481830284,1.94,1.39,2.6125,1.03,3.65,16,0.2923125,0.06801791798244539,0.29845,0.236425,0.35782499999999995,0.1714,0.3886,16,514.875,291.20802988012997,439.0,310.0,668.25,107,1061,16,56.0,39.62995500039501,56.0,25.5,71.0,6,153,16,0.18093125,0.10415385874592774,0.1954,0.091825,0.26027500000000003,0.0277,0.3489,16,0.0625,0.25,0.0,0.0,0.0,0,1,16,32.875,39.10136400007891,19.0,8.25,37.5,0,147,16,0.0,0.0,0.0,0.0,0.0,0.0,0.0,16,9.1875,4.901955392153897,9.0,4.75,13.25,1,17,16,0.03131875,0.01568579904457107,0.0311,0.02355,0.040825,0.0031,0.0669,16,0.5,1.505545305418162,0.0,0.0,0.0,0,6
24-35,toyplay,TD,143,ok,3,Eigsti;EllisWeismer;Nadig,cross;long,143,30.08328671328671,0.9389248992929952,30.0,30.0,30.0,26.1,34.43,143,129.74125874125875,43.653035531111335,127.0,94.5,156.5,51,262,143,2.541741258741259,0.7291985346968534,2.61,1.9675,2.98,1.06,5.987,143,2.463223776223776,0.6271679068434323,2.45,1.9805000000000001,2.825,1.29,5.908,143,0.3691293706293706,0.06018264668720677,0.3684,0.3322,0.40490000000000004,0.2229,0.5772,143,308.6363636363636,138.47807298104237,275.0,210.5,400.0,62,769,143,17.79020979020979,11.553825747011153,15.0,9.5,24.0,0,60,143,0.13930279720279723,0.08199661530635287,0.1176,0.08360000000000001,0.1815,0.0,0.4342,143,0.8671328671328671,2.255627585876194,0.0,0.0,1.0,0,17,143,1.7972027972027973,2.7387656327217993,1.0,0.0,2.0,0,13,143,0.021316083916083913,0.03753070414434524,0.0079,0.0,0.0247,0.0,0.2387,143,3.972027972027972,3.690383498419811,3.0,2.0,5.0,0,28,143,0.02882167832167833,0.020906243220964026,0.0241,0.01315,0.041999999999999996,0.0,0.1261,143,0.09090909090909091,0.31194733460098784,0.0,0.0,0.0,0,2
36-47,toyplay,ASD,33,ok,5,Eigsti;Flusberg;NYU-Emerson;Nadig;Rollins,cross;long,33,41.665454545454544,3.5489964170426855,41.0,39.0,45.0,36.0,47.63,33,179.93939393939394,75.08534285811854,183.0,119.0,240.0,71,386,33,1.1072121212121213,0.8935148556954634,1.08,0.38,1.61,0.01,3.75,33,1.5169393939393938,0.5855307389131003,1.254,1.11,1.85,1.0,3.58,33,0.29025757575757577,0.16117633982362112,0.3084,0.1546,0.42,0.0124,0.6598,33,213.21212121212122,206.31843676338005,146.0,59.0,315.0,1,746,33,32.303030303030305,35.36902321283842,18.0,8.0,58.0,0,139,33,0.16419999999999996,0.14093767904644947,0.1048,0.0541,0.278,0.0,0.4394,33,25.87878787878788,46.215363770989065,0.0,0.0,35.0,0,160,33,22.333333333333332,35.41686274455527,4.0,0.0,29.0,0,131,33,0.014227272727272727,0.023545703864071368,0.0048,0.0,0.0136,0.0,0.1099,33,7.212121212121212,10.52306269509255,4.0,0.0,8.0,0,51,33,0.03596666666666667,0.048665013527858667,0.018,0.0,0.0364,0.0,0.1809,33,0.0,0.0,0.0,0.0,0.0,0,0
36-47,toyplay,DD,3,low_n,1,Eigsti,cross,3,43.81,4.313965692955845,46.2,42.515,46.3,38.83,46.4,3,123.0,37.0,130.0,106.5,143.0,83,156,3,2.906333333333333,0.99631337105016,2.699,2.3644999999999996,3.3445,2.03,3.99,3,2.762333333333333,0.9969134031265369,2.627,2.2335,3.2234999999999996,1.84,3.82,3,0.41609999999999997,0.024815116360799132,0.4171,0.40395000000000003,0.42875,0.3908,0.4404,3,350.6666666666667,220.30282189144407,244.0,224.0,424.0,204,604,3,8.333333333333334,6.027713773341708,9.0,5.5,11.5,2,14,3,0.08059999999999999,0.07917404877862443,0.0577,0.03655,0.1132,0.0154,0.1687,3,0.0,0.0,0.0,0.0,0.0,0,0,3,4.0,2.6457513110645907,5.0,3.0,5.5,1,6,3,0.16706666666666667,0.013453747928861066,0.1667,0.16025,0.1737,0.1538,0.1807,3,3.6666666666666665,3.785938897200183,2.0,1.5,5.0,1,8,3,0.0394,0.049568134925574915,0.0154,0.0109,0.0559,0.0064,0.0964,3,0.3333333333333333,0.5773502691896258,0.0,0.0,0.5,0,1
36-47,toyplay,HL,16,low_n,1,Ambrose,long,16,36.0,0.0,36.0,36.0,36.0,36.0,36.0,16,196.8125,78.22294526970119,187.0,140.0,261.5,73,329,16,1.774875,1.4604499706140799,1.33,0.831,2.1950000000000003,0.28,5.7,16,1.9575625,1.2262971346700604,1.4700000000000002,1.1755,2.155,1.02,5.53,16,0.28384375,0.08573246735241752,0.2857,0.22287500000000002,0.3438,0.1007,0.4171,16,341.3125,289.03280523151693,334.0,131.25,413.75,28,1101,16,53.6875,35.33028681834704,46.5,24.5,68.5,11,132,16,0.28669374999999997,0.16144002175730776,0.303,0.16060000000000002,0.343825,0.0588,0.6842,16,0.5625,1.3647344063956182,0.0,0.0,0.0,0,5,16,8.4375,18.26095561573928,2.5,0.0,6.0,0,74,16,0.00025,0.001,0.0,0.0,0.0,0.0,0.004,16,3.5625,4.081972562377166,2.0,1.0,5.0,0,16,16,0.01635,0.013051692099749622,0.014750000000000001,0.00725,0.023675,0.0,0.0486,16,0.1875,0.5439056290693574,0.0,0.0,0.0,0,2
36-47,toyplay,LT,76,ok,1,EllisWeismer,long,76,42.0,0.0,42.0,42.0,42.0,42.0,42.0,76,123.76315789473684,34.35340581700846,121.0,101.5,145.75,51,232,76,2.7240921052631575,0.6271536372666925,2.6944999999999997,2.275,3.0225,1.14,4.33,76,2.6553026315789476,0.5538482829496864,2.5549999999999997,2.2405,2.92,1.42,4.09,76,0.3903749999999999,0.058967944116556516,0.3822,0.3543,0.42874999999999996,0.2723,0.5435,76,319.57894736842104,122.35873630794488,286.5,235.5,381.5,100,702,76,17.86842105263158,15.237096928451217,13.5,8.0,24.25,0,75,76,0.14331973684210528,0.10636434116718735,0.1194,0.0669,0.19755,0.0,0.5,76,0.05263157894736842,0.27783625115549687,0.0,0.0,0.0,0,2,76,1.0394736842105263,2.1813805382444347,0.0,0.0,1.0,0,10,76,0.005068421052631579,0.013203971226125528,0.0,0.0,0.0,0.0,0.0641,76,2.1842105263157894,2.089405186910313,2.0,0.75,3.0,0,9,76,0.016798684210526316,0.014047429121098307,0.016649999999999998,0.00405,0.026350000000000002,0.0,0.049,76,0.06578947368421052,0.2495610180985523,0.0,0.0,0.0,0,1
36-47,toyplay,NH,18,low_n,1,Ambrose,long,18,36.0,0.0,36.0,36.0,36.0,36.0,36.0,18,186.88888888888889,65.51325765144469,193.0,136.5,240.75,64,296,18,2.7906666666666666,0.7492673284027301,2.8735,2.1775,3.07,1.37,4.375,18,2.692277777777778,0.6483804080898583,2.785,2.1574999999999998,2.9217500000000003,1.51,3.984,18,0.36205000000000004,0.050844506325948446,0.3624,0.33275,0.400225,0.2829,0.4571,18,484.8333333333333,197.85652853103673,446.0,341.75,617.0,218,810,18,19.666666666666668,20.352771165559915,8.5,7.25,31.5,4,79,18,0.09791111111111112,0.07895497517303873,0.0674,0.03595,0.15425,0.0208,0.3198,18,0.05555555555555555,0.23570226039551584,0.0,0.0,0.0,0,1,18,3.8333333333333335,6.002450479987809,2.0,0.25,4.0,0,25,18,0.0,0.0,0.0,0.0,0.0,0.0,0.0,18,3.611111111111111,3.8215932755067867,3.0,1.25,4.5,0,16,18,0.017294444444444446,0.014167961878507778,0.0143,0.008225,0.023125,0.0,0.0541,18,0.1111111111111111,0.3233808333817773,0.0,0.0,0.0,0,1
36-47,toyplay,TD,84,ok,3,Eigsti;EllisWeismer;Nadig,cross;long,84,41.90428571428571,1.8228907836044606,42.0,42.0,42.0,36.2,47.6,84,141.10714285714286,39.335448881719074,139.0,112.75,166.25,62,234,84,3.478595238095239,0.8345983973123411,3.355,2.995,4.0075,0.9,5.84,84,3.323595238095238,0.7282269790313315,3.2199999999999998,2.9090000000000003,3.735,1.37,5.7,84,0.3825464285714285,0.047926234600632216,0.3857,0.3466,0.41145,0.2657,0.5211,84,464.73809523809524,174.1222475316833,453.0,339.5,568.75,135,1042,84,10.380952380952381,8.085245765098453,9.0,4.0,15.5,0,44,84,0.07812738095238095,0.06324616727506623,0.0601,0.028749999999999998,0.107325,0.0,0.2906,84,0.32142857142857145,1.2336713186855452,0.0,0.0,0.0,0,8,84,2.75,6.592940730044486,1.0,0.0,3.0,0,50,84,0.029230952380952375,0.06388946775993917,0.00485,0.0,0.022425,0.0,0.3619,84,2.1785714285714284,2.089334443434855,1.0,1.0,4.0,0,8,84,0.014544047619047616,0.012393141818856243,0.012549999999999999,0.0049,0.023350000000000003,0.0,0.0468,84,0.13095238095238096,0.40418777411155166,0.0,0.0,0.0,0,2
48-59,narrative,SLI,11,low_n,1,ENNI,cross,11,55.37272727272727,2.493531996622825,56.1,54.400000000000006,56.915,50.13,58.87,11,85.0,31.71750305430741,73.0,63.0,98.5,58,168,11,4.127090909090909,0.967125064771403,4.194,3.337,4.5955,2.873,5.736,11,4.069,0.9640223026465727,4.177,3.3155,4.5305,2.759,5.597,11,0.3224090909090909,0.05648234156876739,0.2955,0.2872,0.35350000000000004,0.2514,0.422,11,352.72727272727275,177.4103102466657,283.0,231.5,426.0,211,781,11,3.272727272727273,3.7971281013657965,2.0,1.0,4.5,0,13,11,0.04220909090909091,0.04318618886971747,0.0206,0.00935,0.0748,0.0,0.13,11,0.0,0.0,0.0,0.0,0.0,0,0,11,0.5454545454545454,1.0357254813546264,0.0,0.0,0.5,0,3,11,0.0,0.0,0.0,0.0,0.0,0.0,0.0,11,4.636363636363637,5.818465902155435,2.0,1.0,6.0,0,17,11,0.06016363636363638,0.08020719759132933,0.0278,0.01015,0.0799,0.0,0.2414,11,0.0,0.0,0.0,0.0,0.0,0,0
48-59,narrative,TD,45,ok,1,ENNI,cross,45,55.461555555555556,2.8594094714210705,55.87,53.67,57.9,48.4,59.6,45,89.4888888888889,27.052660953156984,83.0,68.0,106.0,57,198,45,5.9472,0.8581546957385842,5.96,5.475,6.59,4.059,7.451,45,5.7185999999999995,0.8578363215354399,5.76,5.263,6.298,3.917,7.098,45,0.3622600000000001,0.04072351007375559,0.3686,0.3371,0.3857,0.2145,0.4314,45,518.1555555555556,202.79814813969304,487.0,362.0,583.0,275,1328,45,1.2444444444444445,1.4794894014114763,1.0,0.0,2.0,0,6,45,0.013255555555555559,0.015213309895607789,0.0093,0.0,0.0227,0.0,0.0566,45,0.0,0.0,0.0,0.0,0.0,0,0,45,1.6666666666666667,3.4311408121392035,1.0,0.0,2.0,0,20,45,0.0006555555555555556,0.002487016792314142,0.0,0.0,0.0,0.0,0.0108,45,0.9111111111111111,2.419825521717538,0.0,0.0,1.0,0,14,45,0.010493333333333335,0.03264456936598964,0.0,0.0,0.009,0.0,0.2059,45,0.022222222222222223,0.14907119849998599,0.0,0.0,0.0,0,1
48-59,toyplay,ASD,27,ok,4,Eigsti;Flusberg;NYU-Emerson;Nadig,cross;long,27,54.042222222222215,3.2055784709367723,55.0,51.25,56.235,48.0,58.57,27,233.2962962962963,116.62425358482052,220.0,137.0,287.5,76,559,27,2.093,1.0635309477975132,2.18,1.2149999999999999,2.955,0.263,4.13,27,2.1634814814814813,0.8213257280561419,2.13,1.335,2.7649999999999997,1.053,3.9,27,0.35962222222222223,0.06722903066460623,0.3654,0.3343,0.39285000000000003,0.175,0.4857,27,475.18518518518516,350.79108806294875,396.0,292.0,582.5,20,1403,27,20.185185185185187,15.319763597887425,16.0,11.0,26.5,2,72,27,0.09685555555555556,0.06880722420330661,0.0773,0.0482,0.14465,0.0167,0.2683,27,0.037037037037037035,0.19245008972987526,0.0,0.0,0.0,0,1,27,20.037037037037038,26.770364615604727,7.0,0.0,37.0,0,96,27,0.03542222222222222,0.037859531198419547,0.0182,0.0034000000000000002,0.07725,0.0,0.1078,27,13.962962962962964,17.6623926453953,5.0,3.0,19.5,0,67,27,0.0461962962962963,0.04372681347324794,0.029,0.0142,0.06889999999999999,0.0,0.1569,27,0.07407407407407407,0.38490017945975047,0.0,0.0,0.0,0,2
48-59,toyplay,DD,7,low_n,1,Eigsti,cross,7,55.44428571428572,3.0882835423735373,55.5,53.349999999999994,58.285,50.87,58.47,7,165.57142857142858,66.90504999090662,136.0,122.5,184.0,114,296,7,3.515714285714285,0.6450544458378983,3.51,3.175,4.02,2.45,4.26,7,3.367142857142857,0.6157032371122279,3.33,3.025,3.8200000000000003,2.39,4.16,7,0.42734285714285714,0.019733124194515932,0.4257,0.41425,0.44145,0.4,0.4543,7,549.2857142857143,177.29045310423447,433.0,430.0,616.0,424,896,7,12.0,7.593857166596345,12.0,6.0,16.5,3,24,7,0.0745,0.04993275478080495,0.0574,0.0426,0.09784999999999999,0.0263,0.1569,7,0.0,0.0,0.0,0.0,0.0,0,0,7,4.285714285714286,4.785891965429423,2.0,1.0,6.5,0,13,7,0.09865714285714285,0.05128816813336376,0.093,0.0652,0.13945000000000002,0.0244,0.1639,7,1.1428571428571428,1.5735915849388864,0.0,0.0,2.0,0,4,7,0.005357142857142857,0.006879161078420619,0.0,0.0,0.0114,0.0,0.0147,7,0.14285714285714285,0.37796447300922725,0.0,0.0,0.0,0,1
48-59,toyplay,LT,58,ok,1,EllisWeismer,long,58,54.0,0.0,54.0,54.0,54.0,54.0,54.0,58,121.08620689655173,36.670311373605,125.5,94.75,143.0,54,243,58,4.582724137931034,1.60340566047358,4.045,3.372,5.3175,2.53,8.835,58,4.3885689655172415,1.5499648226010374,3.9000000000000004,3.29975,4.945,2.486,8.495,58,0.3984379310344827,0.04887073830331347,0.40415,0.362,0.4286,0.3029,0.5054,58,538.0,261.2442562115171,448.0,334.0,733.0,181,1236,58,8.810344827586206,7.004902785685366,7.0,3.0,12.75,0,28,58,0.07759827586206895,0.06537281878251608,0.06835,0.028475,0.10965,0.0,0.28,58,0.06896551724137931,0.255608593705383,0.0,0.0,0.0,0,1,58,0.896551724137931,1.8034047251077157,0.0,0.0,1.0,0,11,58,0.01142586206896552,0.028630547790562073,0.0,0.0,0.00865,0.0,0.1333,58,1.2241379310344827,1.910663551939858,1.0,0.0,1.0,0,9,58,0.010456896551724139,0.017894781284418675,0.00695,0.0,0.014325000000000001,0.0,0.1169,58,0.10344827586206896,0.30720329701800014,0.0,0.0,0.0,0,1
48-59,toyplay,TD,60,ok,3,Eigsti;EllisWeismer;Nadig,cross;long,60,53.726,1.1287253948366502,54.0,54.0,54.0,48.03,54.0,60,137.15,42.112369856317216,136.0,107.0,169.25,52,220,60,5.1827,1.6291641435962372,5.3955,3.7495000000000003,6.51,1.78,8.05,60,4.944616666666666,1.5660537806171635,5.1,3.4312500000000004,6.3,1.83,7.73,60,0.4128666666666666,0.04827087997030243,0.40475,0.37927500000000003,0.44,0.3161,0.5641,60,679.0333333333333,296.82089370166165,687.0,464.5,868.0,156,1535,60,4.316666666666666,4.781644517714101,3.5,1.0,6.0,0,28,60,0.03157666666666667,0.03189976550929525,0.024,0.010275,0.04165,0.0,0.1647,60,0.16666666666666666,0.8268106308031118,0.0,0.0,0.0,0,5,60,2.283333333333333,4.797922102032832,1.0,0.0,2.25,0,26,60,0.013771666666666666,0.03023400875356648,0.0,0.0,0.01555,0.0,0.193,60,1.2,1.5816747185354632,1.0,0.0,2.0,0,9,60,0.008530000000000001,0.009638645730880647,0.005849999999999999,0.0,0.0149,0.0,0.0435,60,0.11666666666666667,0.3724252474950528,0.0,0.0,0.0,0,2
60-71,narrative,SLI,13,low_n,1,ENNI,cross,13,65.20538461538462,3.0440368355869576,65.3,62.83,67.37,60.87,70.1,13,98.46153846153847,29.67214008857294,91.0,84.0,97.0,69,178,13,5.085615384615385,1.1506278386502402,5.369,4.361,6.036,2.562,6.419,13,4.905307692307693,1.132760226512756,4.945,4.237,5.988,2.521,6.341,13,0.3462923076923076,0.04354596157200767,0.3514,0.3314,0.3696,0.2429,0.4114,13,490.6923076923077,188.98341400564965,450.0,419.0,549.0,184,940,13,1.6923076923076923,2.213015114597254,1.0,0.0,2.0,0,8,13,0.01823076923076923,0.0218572789025908,0.0114,0.0,0.022,0.0,0.0755,13,0.0,0.0,0.0,0.0,0.0,0,0,13,0.6923076923076923,1.1821319289469756,0.0,0.0,1.0,0,3,13,0.009107692307692308,0.01844728803638724,0.0,0.0,0.0114,0.0,0.066,13,1.9230769230769231,1.7541160386140584,2.0,0.0,3.0,0,5,13,0.018807692307692307,0.016396110389279402,0.0169,0.0,0.0355,0.0,0.043,13,0.07692307692307693,0.2773500981126146,0.0,0.0,0.0,0,1
60-71,narrative,TD,46,ok,1,ENNI,cross,46,66.21760869565217,3.2833040166424565,66.03,63.8575,68.46000000000001,60.03,71.7,46,88.71739130434783,26.251487190445896,81.0,67.0,106.25,59,155,46,6.654434782608696,0.893894939195228,6.692,5.9765,7.257499999999999,4.733,8.971,46,6.499086956521741,0.9079708469643716,6.5705,5.76925,7.127,4.583,8.884,46,0.35634347826086954,0.038908871608607114,0.35714999999999997,0.3314,0.37927500000000003,0.2571,0.4314,46,577.5217391304348,187.08580789816264,532.5,423.5,717.25,275,969,46,0.34782608695652173,0.7060812450686403,0.0,0.0,0.0,0,3,46,0.0034608695652173917,0.007723858513603433,0.0,0.0,0.0,0.0,0.0375,46,0.0,0.0,0.0,0.0,0.0,0,0,46,1.1521739130434783,2.9512136208259805,0.0,0.0,1.0,0,19,46,0.00017173913043478262,0.0011647914536236875,0.0,0.0,0.0,0.0,0.0079,46,0.7391304347826086,1.4971793124805748,0.0,0.0,1.0,0,8,46,0.008102173913043478,0.018738368115007415,0.0,0.0,0.010425,0.0,0.1159,46,0.043478260869565216,0.2061845709423622,0.0,0.0,0.0,0,1
60-71,toyplay,ASD,21,ok,4,Eigsti;Flusberg;NYU-Emerson;Nadig,cross;long,21,65.38238095238096,4.001472110063874,65.0,61.7,69.0,60.0,71.17,21,201.52380952380952,91.38031464578083,164.0,139.0,315.0,87,360,21,2.1777142857142855,1.0684722805415752,2.64,1.29,2.95,0.32,3.82,21,2.262047619047619,0.7964458849281899,2.6,1.34,2.79,1.07,3.61,21,0.3531047619047619,0.07294962286530668,0.38,0.3371,0.4,0.1765,0.4342,21,442.3333333333333,317.41602564037834,423.0,148.0,707.0,43,1039,21,12.19047619047619,9.064320424714959,11.0,7.0,13.0,1,41,21,0.0703047619047619,0.0626755333139693,0.0576,0.0306,0.089,0.0105,0.2662,21,0.14285714285714285,0.47809144373375745,0.0,0.0,0.0,0,2,21,25.333333333333332,36.84879012034633,2.0,0.0,28.0,0,126,21,0.037604761904761905,0.03839576117477652,0.0338,0.0048,0.0625,0.0,0.1438,21,8.285714285714286,8.747244464074713,7.0,1.0,11.0,0,31,21,0.03478571428571429,0.027748104182345246,0.0389,0.005,0.0576,0.0,0.0861,21,0.047619047619047616,0.21821789023599242,0.0,0.0,0.0,0,1
60-71,toyplay,DD,5,low_n,1,Eigsti,cross,5,63.26800000000001,2.8614104913486273,62.67,60.8,64.47,60.8,67.6,5,176.6,67.6520509666928,157.0,145.0,161.0,125,295,5,3.8840000000000003,1.4130569698352575,3.34,3.29,4.86,2.18,5.75,5,3.6599999999999993,1.2509996003196804,3.19,3.13,4.51,2.15,5.32,5,0.44458000000000003,0.08505367129054453,0.4,0.3943,0.4629,0.38,0.5857,5,580.0,117.63502879669814,532.0,518.0,606.0,472,772,5,10.4,4.277849927241488,8.0,7.0,14.0,7,16,5,0.06058,0.021776868461741695,0.0542,0.0446,0.064,0.0435,0.0966,5,0.0,0.0,0.0,0.0,0.0,0,0,5,7.6,5.770615218501403,5.0,4.0,11.0,2,16,5,0.15598,0.08461821316950625,0.136,0.1056,0.1911,0.0644,0.2828,5,2.0,2.345207879911715,1.0,1.0,2.0,0,6,5,0.009659999999999998,0.007719974093220779,0.008,0.0062,0.0138,0.0,0.0203,5,0.2,0.44721359549995804,0.0,0.0,0.0,0,1
60-71,toyplay,LT,37,ok,1,EllisWeismer,long,37,66.0,0.0,66.0,66.0,66.0,66.0,66.0,37,130.16216216216216,31.462070209410285,132.0,107.0,150.0,74,207,37,5.2594324324324315,1.3284028743934186,5.04,4.3,6.095,2.31,7.93,37,5.02854054054054,1.2856115188802086,4.79,4.0,5.973,2.16,7.7,37,0.42963783783783793,0.035572534281313094,0.4343,0.4,0.46,0.3486,0.5038,37,646.7297297297297,221.27642951353462,621.0,544.0,754.0,245,1243,37,4.783783783783784,4.755903554385709,3.0,1.0,9.0,0,16,37,0.03867297297297298,0.040880351492350676,0.0292,0.006,0.0577,0.0,0.1486,37,0.43243243243243246,2.1413980446394327,0.0,0.0,0.0,0,13,37,0.8108108108108109,1.6302323937579137,0.0,0.0,1.0,0,8,37,0.016197297297297297,0.026005570840008773,0.0091,0.0,0.0187,0.0,0.1198,37,0.8648648648648649,1.0317773813011044,1.0,0.0,1.0,0,4,37,0.007367567567567566,0.009553912928860733,0.006,0.0,0.0096,0.0,0.037,37,0.0,0.0,0.0,0.0,0.0,0,0
60-71,toyplay,TD,37,ok,1,EllisWeismer,long,37,66.0,0.0,66.0,66.0,66.0,66.0,66.0,37,129.0,34.72831057733094,126.0,104.0,139.0,84,219,37,5.482297297297298,1.4079041725767985,5.48,4.44,6.402,2.78,8.19,37,5.240432432432433,1.3543892953517327,5.19,4.28,6.13,2.76,7.92,37,0.44011621621621616,0.0344932965590056,0.4429,0.4114,0.4714,0.3571,0.4914,37,673.2702702702703,236.90406504751252,611.0,527.0,793.0,274,1261,37,3.675675675675676,5.317967730325259,2.0,0.0,5.0,0,27,37,0.02778918918918919,0.03846070710466711,0.0152,0.0,0.0367,0.0,0.1957,37,0.0,0.0,0.0,0.0,0.0,0,0,37,1.0,2.41522945769824,0.0,0.0,1.0,0,14,37,0.011981081081081082,0.017722581919966115,0.0047,0.0,0.0204,0.0,0.0678,37,0.43243243243243246,0.6027962867863101,0.0,0.0,1.0,0,2,37,0.003562162162162162,0.005179089975369512,0.0,0.0,0.0079,0.0,0.0182,37,0.05405405405405406,0.3287979746107146,0.0,0.0,0.0,0,2
72-83,narrative,SLI,11,low_n,1,ENNI,cross,11,79.63363636363634,3.1396473455701117,80.47,78.28,81.83500000000001,73.5,83.27,11,93.18181818181819,32.217443045090285,86.0,74.5,92.5,61,166,11,6.066909090909092,1.028570994588653,5.99,5.359,6.7605,4.382,7.8,11,5.8657272727272725,1.1173163465115052,5.65,5.1455,6.590999999999999,3.794,7.711,11,0.3382818181818182,0.058760885258508797,0.318,0.29715,0.37855,0.2571,0.4574,11,547.9090909090909,216.22694306929213,515.0,432.0,651.0,258,1013,11,0.6363636363636364,0.6741998624632421,1.0,0.0,1.0,0,2,11,0.007500000000000001,0.00845139041815014,0.006,0.0,0.0119,0.0,0.0247,11,0.0,0.0,0.0,0.0,0.0,0,0,11,0.9090909090909091,1.0444659357341868,1.0,0.0,1.5,0,3,11,0.0006363636363636364,0.0021105794120443457,0.0,0.0,0.0,0.0,0.007,11,0.5454545454545454,0.9341987329938275,0.0,0.0,1.0,0,3,11,0.004763636363636364,0.006867644825887944,0.0,0.0,0.01105,0.0,0.0181,11,0.09090909090909091,0.30151134457776363,0.0,0.0,0.0,0,1
72-83,narrative,TD,49,ok,1,ENNI,cross,49,78.58469387755102,3.423898911840624,79.27,76.0,81.97,72.37,83.37,49,85.04081632653062,21.608215242967074,80.0,69.0,93.0,58,143,49,6.676326530612246,0.9010122637843483,6.703,6.126,7.344,4.634,9.131,49,6.505632653061225,0.8818730703706164,6.418,5.913,7.167,4.592,8.845,49,0.3645918367346939,0.038669054362708725,0.36,0.3343,0.3943,0.3029,0.4771,49,559.1020408163265,175.33423378626026,514.0,423.0,657.0,285,983,49,0.20408163265306123,0.5392738882336249,0.0,0.0,0.0,0,3,49,0.0021979591836734694,0.005173630647971756,0.0,0.0,0.0,0.0,0.021,49,0.0,0.0,0.0,0.0,0.0,0,0,49,1.0816326530612246,3.012728101280449,0.0,0.0,1.0,0,20,49,0.00040612244897959187,0.0020141590639008323,0.0,0.0,0.0,0.0,0.0115,49,0.32653061224489793,1.0080458633341212,0.0,0.0,0.0,0,6,49,0.0030734693877551024,0.00918388025088443,0.0,0.0,0.0,0.0,0.0541,49,0.04081632653061224,0.199914947901746,0.0,0.0,0.0,0,1
72-83,toyplay,ASD,16,low_n,3,Eigsti;Flusberg;Nadig,cross;long,16,77.553125,3.4267277272445598,78.015,75.00999999999999,80.60749999999999,72.37,82.93,16,355.8125,168.3564546827158,411.5,254.25,491.0,56,564,16,2.81275,0.6264390898829139,2.605,2.325,3.245,1.89,4.043,16,2.6889374999999998,0.5647327944848489,2.6555,2.245,3.1025,1.76,3.872,16,0.36281874999999997,0.06221271272818764,0.36855000000000004,0.3164,0.3836,0.2429,0.4765,16,875.9375,439.3841855369854,983.5,515.75,1258.5,132,1498,16,23.0,15.161354381013151,23.0,10.0,31.75,2,62,16,0.08326875,0.06662576797556133,0.0687,0.038075,0.11687499999999999,0.0049,0.2553,16,0.625,1.746424919657298,0.0,0.0,0.0,0,6,16,2.125,6.248999919987197,0.0,0.0,0.0,0,24,16,0.0811375,0.044502881929151514,0.0691,0.0523,0.102575,0.0267,0.1786,16,25.25,25.106440076867397,19.0,13.5,33.0,0,104,16,0.06046875,0.04605904498575714,0.05215,0.0348,0.08045,0.0,0.1844,16,0.0625,0.25,0.0,0.0,0.0,0,1
72-83,toyplay,DD,1,low_n,1,Eigsti,cross,1,78.87,,78.87,78.87,78.87,78.87,78.87,1,131.0,,131.0,131.0,131.0,131,131,1,4.34,,4.34,4.34,4.34,4.34,4.34,1,4.02,,4.02,4.02,4.02,4.02,4.02,1,0.3143,,0.3143,0.3143,0.3143,0.3143,0.3143,1,473.0,,473.0,473.0,473.0,473,473,1,7.0,,7.0,7.0,7.0,7,7,1,0.0534,,0.0534,0.0534,0.0534,0.0534,0.0534,1,0.0,,0.0,0.0,0.0,0,0,1,0.0,,0.0,0.0,0.0,0,0,1,0.1374,,0.1374,0.1374,0.1374,0.1374,0.1374,1,3.0,,3.0,3.0,3.0,3,3,1,0.0229,,0.0229,0.0229,0.0229,0.0229,0.0229,1,0.0,,0.0,0.0,0.0,0,0
84-95,narrative,SLI,13,low_n,1,ENNI,cross,13,90.64923076923075,2.7315424871259744,90.6,88.73,93.1,85.67,95.0,13,98.15384615384616,53.27733438315358,80.0,63.0,94.0,51,207,13,6.251769230769232,1.2061786872769,6.205,5.73,6.75,4.03,8.34,13,6.141384615384615,1.1707999073611695,6.034,5.698,6.662,3.93,8.039,13,0.3481615384615385,0.03460343283696814,0.34,0.3257,0.3714,0.2947,0.4086,13,581.7692307692307,343.39145636968357,457.0,410.0,610.0,319,1600,13,1.5384615384615385,2.757274760078165,0.0,0.0,2.0,0,8,13,0.0177,0.03240213470333912,0.0,0.0,0.025,0.0,0.1111,13,0.0,0.0,0.0,0.0,0.0,0,0,13,1.8461538461538463,4.412976203692806,0.0,0.0,1.0,0,16,13,0.0017076923076923079,0.004184587103976835,0.0,0.0,0.0,0.0,0.012,13,0.38461538461538464,0.7679476477883045,0.0,0.0,0.0,0,2,13,0.002123076923076923,0.004351657509147875,0.0,0.0,0.0,0.0,0.0126,13,0.15384615384615385,0.5547001962252291,0.0,0.0,0.0,0,2
84-95,narrative,TD,50,ok,1,ENNI,cross,50,90.42960000000001,3.2992602510383495,90.285,88.8275,93.1925,84.07,95.63,50,85.32,20.057509154164375,83.0,72.0,98.25,50,151,50,7.535899999999999,0.9795396305178785,7.492,6.79275,8.2745,5.377,9.74,50,7.337899999999999,0.951753725005174,7.2805,6.6135,8.028749999999999,5.246,9.584,50,0.36565600000000004,0.03033876862419853,0.3686,0.350725,0.38217500000000004,0.3,0.4371,50,628.22,168.52496817373734,631.0,508.5,742.0,321,979,50,0.12,0.38544964466377263,0.0,0.0,0.0,0,2,50,0.0013219999999999998,0.004348318464577745,0.0,0.0,0.0,0.0,0.0235,50,0.0,0.0,0.0,0.0,0.0,0,0,50,0.7,1.4463183379511848,0.0,0.0,1.0,0,7,50,0.0,0.0,0.0,0.0,0.0,0.0,0.0,50,0.24,0.4763809143009448,0.0,0.0,0.0,0,2,50,0.0025800000000000003,0.005154431420176828,0.0,0.0,0.0,0.0,0.0182,50,0.06,0.3136356914300021,0.0,0.0,0.0,0,2
84-95,toyplay,ASD,14,low_n,1,Flusberg,long,14,89.14714285714285,3.366510241896081,89.315,86.6325,91.6525,84.43,94.87,14,366.57142857142856,148.39900180346137,311.5,277.25,413.5,210,739,14,2.1878571428571427,0.818837624285215,2.115,1.45,2.9074999999999998,1.05,3.58,14,2.150714285714286,0.684919582991197,2.12,1.4975,2.7074999999999996,1.29,3.41,14,0.35997142857142866,0.07460408762333261,0.36,0.29500000000000004,0.393575,0.2543,0.4943,14,738.0714285714286,256.9886152179671,699.5,546.75,946.75,295,1208,14,29.785714285714285,23.599799775645334,26.0,17.0,34.75,5,102,14,0.07915714285714284,0.03437540968786833,0.08399999999999999,0.071425,0.0954,0.0136,0.138,14,0.0,0.0,0.0,0.0,0.0,0,0,14,0.0,0.0,0.0,0.0,0.0,0,0,14,0.05921428571428571,0.048996025853639893,0.0477,0.01805,0.08307500000000001,0.0102,0.1707,14,15.857142857142858,8.547218556638473,14.0,13.0,20.5,4,33,14,0.04417142857142857,0.02146730711396459,0.0461,0.028925,0.049525,0.0152,0.0982,14,0.0,0.0,0.0,0.0,0.0,0,0
96-107,narrative,SLI,17,low_n,1,ENNI,cross,17,104.3029411764706,3.1015918588401545,105.4,102.2,106.9,97.2,107.5,17,89.47058823529412,23.701576021065623,81.0,71.0,110.0,66,144,17,6.307235294117647,0.734902249402239,6.28,5.848,6.576,5.104,7.69,17,6.155647058823528,0.7477546339856803,6.178,5.712,6.5,4.94,7.55,17,0.3760176470588235,0.03755880781012154,0.3686,0.3543,0.3886,0.3114,0.4457,17,553.8235294117648,175.92904652661738,553.0,414.0,658.0,331,911,17,0.5294117647058824,0.7998161553463029,0.0,0.0,1.0,0,2,17,0.005311764705882353,0.007825829217480821,0.0,0.0,0.0123,0.0,0.0222,17,0.0,0.0,0.0,0.0,0.0,0,0,17,1.8235294117647058,3.8606232352699066,0.0,0.0,2.0,0,16,17,0.002417647058823529,0.007421946787578517,0.0,0.0,0.0,0.0,0.0288,17,0.23529411764705882,0.4372373160976031,0.0,0.0,0.0,0,1,17,0.0026294117647058827,0.005051703265469275,0.0,0.0,0.0,0.0,0.0152,17,0.058823529411764705,0.24253562503633297,0.0,0.0,0.0,0,1
96-107,narrative,TD,45,ok,1,ENNI,cross,45,103.01799999999999,3.3052826863013762,104.0,100.47,105.93,96.0,107.83,45,96.02222222222223,30.156778891839778,88.0,78.0,103.0,54,179,45,7.649999999999999,1.0604495187505067,7.753,7.01,8.179,5.514,10.426,45,7.4698,1.0382887056901062,7.522,6.831,8.045,5.472,10.053,45,0.3813911111111111,0.03169787648624705,0.3857,0.3629,0.4,0.3114,0.4486,45,716.8,240.93158214050575,684.0,540.0,835.0,333,1312,45,0.17777777777777778,0.3866457674602808,0.0,0.0,0.0,0,1,45,0.002,0.004442358096163056,0.0,0.0,0.0,0.0,0.0149,45,0.0,0.0,0.0,0.0,0.0,0,0,45,1.288888888888889,2.52822451374857,0.0,0.0,1.0,0,12,45,0.0,0.0,0.0,0.0,0.0,0.0,0.0,45,0.2,0.5877538136452586,0.0,0.0,0.0,0,3,45,0.0016955555555555556,0.004458136359285099,0.0,0.0,0.0,0.0,0.0173,45,0.022222222222222223,0.14907119849998599,0.0,0.0,0.0,0,1
96-107,toyplay,ASD,11,low_n,1,Flusberg,long,11,101.7881818181818,3.917335365224218,101.2,98.75,104.88499999999999,96.4,107.6,11,438.8181818181818,136.4850308142385,455.0,380.5,539.0,189,630,11,1.7872727272727276,0.4320206224033966,1.75,1.4649999999999999,2.115,1.09,2.5,11,1.7854545454545452,0.38043037829184034,1.8,1.5350000000000001,2.07,1.19,2.48,11,0.3677909090909091,0.06098377578578511,0.3629,0.33855,0.41425,0.2486,0.4514,11,747.5454545454545,198.34281617258722,783.0,631.0,862.0,404,1019,11,33.27272727272727,19.519687031768257,31.0,21.5,37.0,12,86,11,0.07475454545454545,0.026789227821509293,0.0635,0.0549,0.09004999999999999,0.0454,0.1365,11,0.0,0.0,0.0,0.0,0.0,0,0,11,0.0,0.0,0.0,0.0,0.0,0,0,11,0.04792727272727273,0.03575044309960622,0.0394,0.02265,0.07285,0.0044,0.1058,11,20.636363636363637,15.357556623843047,18.0,11.0,21.5,7,62,11,0.044963636363636365,0.02117499812171291,0.0442,0.032049999999999995,0.0511,0.0176,0.0984,11,0.18181818181818182,0.6030226891555271,0.0,0.0,0.0,0,2
