keeper_key,author_year,title,year,publication,doi,role,quality,topic,evidence_to_use,main_limitation,why_included
XSIL8EJU,Srisinghasongkram et al. (2016),Two-Step Screening of the Modified Checklist for Autism in Toddlers in Thai Children with Language Delay and Typically Developing Children,2016,Journal of Autism and Developmental Disorders,10.1007/s10803-016-2876-4,background_local,Strong,Thai M-CHAT two-step screening in language-delay and TD toddlers,"Thai two-step M-CHAT evidence; abstract reports high-risk language-delay children (N=109) and low-risk TD children (N=732), not N=292.",Tertiary-care/high-risk setting and follow-up design; not an AI/speech model.,Keeps Thai clinical screening context and shows why local validation matters.
7IKT7JCG,Tangviriyapaiboon et al. (2022),Development and psychometric evaluation of a Thai Diagnostic Autism Scale for the early diagnosis of Autism Spectrum Disorder,2022,Autism Research,10.1002/aur.2631,background_local,Strong,Thai Diagnostic Autism Scale psychometric validation,Thai cohort N=130. PDF reports sensitivity 100% and specificity 82.4% for TDAS against physician diagnosis.,Clinical scale administered by trained professionals; not automated speech/NLP.,Best Thai ASD diagnostic-scale anchor for the project.
8JSNYFWT,Tangviriyapaiboon et al. (2024),Economic Evaluation of the Thai Diagnostic Autism Scale for Autism Spectrum Disorder Diagnosis in Children Aged 1-5 Years Old,2024,Healthcare,10.3390/healthcare12070782,background_local,Moderate,Economic evaluation of TDAS in Thai children aged 1-5 years,Markov/cost-utility study showing TDAS-based screening can be economically favorable in Thai health-system assumptions.,"Model-based economic evidence, not model-performance evidence.","Supports Thai implementation rationale, not AI accuracy."
MNRUWLUM,Chaturavitwong (2023),Speech and Language in Children with Autism Spectrum Disorders,2023,Siriraj Medical Bulletin,,background_local,Moderate,"Speech and language profile in children with ASD, Thai clinical background",Thai clinical review/background on ASD speech-language difficulties and need for early speech-language support.,Narrative/background source; no AI model or validation metric.,Useful for SLP framing in Thai language.
H7DB7I5I,Ma et al. (2024),Can Natural Speech Prosody Distinguish Autism Spectrum Disorders? A Meta-Analysis,2024,Behavioral Sciences,10.3390/bs14020090,core,Strong,Natural speech prosody meta-analysis,"Meta-analysis of natural-speech prosody studies; supports pitch, prosody, and speech-rate markers as evidence class.",Heterogeneous feature extraction and tasks; meta-analysis does not validate this project directly.,Strongest synthesis for acoustic/prosody rationale.
KMH2LMXK,Rybner et al. (2022),Vocal markers of autism: Assessing the generalizability of machine learning models,2022,Autism Research,10.1002/aur.2721,core,Strong,Generalizability of vocal markers of autism,Shows performance can vary sharply across speech tasks/datasets; F1 ranges reported around 0.59-0.89 depending on generalization setting.,Generalizability stress-test rather than deployment validation.,Directly supports the project gap on external validation and task/corpus shift.
8QA33QFN,Chi et al. (2022),Classifying Autism From Crowdsourced Semistructured Speech Recordings: Machine Learning Model Comparison Study,2022,JMIR Pediatrics and Parenting,10.2196/35406,core,Moderate,Crowdsourced semi-structured speech recordings,Compares ML models on mobile/crowdsourced speech; CNN around 79% was reported as best among compared models in the previous audit.,"Noisy, short, app-recorded audio and limited control over recording conditions.",Relevant to real-world audio robustness.
CUXGPA4J,Mohanta et al. (2020),Acoustic Features Characterization of Autism Speech for Automated Detection and Classification,2020,National Conference on Communications,10.1109/NCC48643.2020.9056025,core,Moderate,Acoustic feature characterization for ASD detection,"Uses acoustic features and classical classifiers; PDF reports KNN achieving 96.5% accuracy, not Random Forest 88.5%.",Small controlled dataset; high accuracy likely not externally validated.,Useful as early acoustic-feature evidence but must be caveated.
AEDDAD3D,Radha et al. (2024),Detecting Autism Spectrum Disorder from Raw Speech in Children using STFT Layered CNN Model,2024,IEEE Conference Publication,,core,Weak,Raw child speech with STFT-layered CNN,Introduces CASD-SC child speech corpus; each child produced 36 recordings; log-spectrogram CNN reports about 86.6% accuracy.,"Conference paper, small/controlled corpus, no external clinical validation.",Supports raw-speech direction but not strong evidence.
JP7UJE9A,Yin et al. (2026),Machine Learning-Based Early Prediction Model for Autism Spectrum Disorder in Infants Using Acoustic Feature,2026,Autism Research,10.1002/aur.70179,core,Moderate,Infant acoustic-feature SVM prediction model,"Prospective cohort; PDF reports 88 infants, 28 later diagnosed with ASD. Best sigmoid-kernel SVM: sensitivity 92.86%, specificity 93.33%, accuracy 93.18%.",Single clinical context and infant vocalization task; not CNN/Random Forest and not N=124.,Corrected acoustic early-prediction evidence.
WHU47UFD,Georgiou & Paphiti (2026),Automated detection of adult autism from vowel acoustics using machine learning,2026,medRxiv,10.64898/2026.04.03.26350102,future,Weak,Adult vowel acoustics preprint,medRxiv preprint; 18 autistic adults + 18 neurotypical adults; best model discriminability about 89%.,"Not peer reviewed, adult controlled-vowel task, very small sample, not child screening.","Use only as future/acoustic plausibility, not as core child-ASD evidence."
G8VSSXXB,Themistocleous et al. (2024),Autism Detection in Children: Integrating Machine Learning and Natural Language Processing in Narrative Analysis,2024,Behavioral Sciences,10.3390/bs14060459,core,Moderate,NLP narrative analysis in children,Narrative-transcript ML/NLP study; reported high performance around 96% in the prior matrix; sample described as 68 ASD and 52 TD.,Language-specific narrative transcripts and no clear cross-site external validation.,Directly supports transcript/NLP branch and transcription bottleneck.
RBSTR768,Assaf et al. (2025),Screening autism spectrum disorder in children using machine learning on speech transcripts,2025,Scientific Reports,10.1038/s41598-025-01500-6,core,Moderate,ML on children speech transcripts,Scientific Reports paper using TalkBank transcript features; reports accuracy above 86% across datasets and strong logistic-regression/TabNet results.,Uses curated transcripts; age/dataset differences and TalkBank generalizability remain concerns.,One of the closest matches to asd-project speech-transcript workflow.
QJR8K5QS,Al Futaisi et al. (2025),The Noor Project: fair transformer transfer learning for autism spectrum disorder recognition from speech,2025,,,core,Moderate,Noor Project fairness in ASD speech recognition,Frontiers in Digital Health paper on transformer transfer learning and fairness testing; reports strong mixed-gender performance but female sensitivity can drop sharply.,Fairness/performance varies by subgroup; transfer-learning setup depends on available corpora.,Essential support for bias/fairness gap in speech AI.
27IITKNS,Eni et al. (2025),Reliably quantifying the severity of social symptoms in children with autism using ASDSpeech,2025,Translational Psychiatry,10.1038/s41398-025-03233-6,core,Strong,ASDSpeech severity quantification,"ASDSpeech uses 99,193 vocalizations from 197 ASD children across ADOS-2 assessments; independent testing on 61 children; correlations with ADOS-2 severity reported.","ADOS-2 assessment context, not free home conversation; ASD-only severity estimation rather than ASD-vs-TD screening.",Strong rationale for graded severity scoring rather than binary-only output.
2BW3LG5M,Bae et al. (2025),Multimodal AI for risk stratification in autism spectrum disorder: integrating voice and screening tools,2025,NPJ Digital Medicine,10.1038/s41746-025-01914-6,core,Strong,Multimodal voice + screening-tool risk stratification,"NPJ Digital Medicine; 1242 children aged 18-48 months. Stage 1 AUROC 0.942, accuracy 0.86; Stage 2 AUROC 0.914, accuracy 0.852; agreement with ADOS-2 risk categories 79.59%.",Multimodal mobile/screening workflow; requires careful calibration and external validation despite strong scale.,Best recent benchmark for combining voice with screening tools.
2M5MN383,Megerian et al. (2022),Evaluation of an artificial intelligence-based medical device for diagnosis of autism spectrum disorder,2022,NPJ Digital Medicine,10.1038/s41746-022-00598-6,core,Strong,AI-based medical device with indeterminate output,"Double-blind, multisite prospective comparator cohort; 425 study completers; determinate-output sensitivity 98.4%, specificity 78.9%; 31.8% received determinate output.","Device abstains for many complex cases; output is diagnosis-support, not autonomous diagnosis.",Key safety precedent for indeterminate/uncertainty gating.
K94FXAC9,Mohammadi et al. (2025),"Artificial Intelligence in Autism Spectrum Disorder Diagnosis: A Scoping Review of Face, Voice, and Text Analysis Methods",2025,Health Science Reports,10.1002/hsr2.71476,background_review,Moderate,"Scoping review of face, voice, and text AI for ASD","Maps AI approaches across face, voice, and text analysis methods.",Scoping review; broad modality mix and depends on quality of included studies.,Good overview for multimodal landscape and modality limitations.
GGSJNPIS,Rakotomanana & Rouhafzay (2025),A Scoping Review of AI-Based Approaches for Detecting Autism Traits Using Voice and Behavioral Data,2025,Bioengineering,10.3390/bioengineering12111136,background_review,Moderate,Scoping review of voice and behavioral AI,Maps voice/behavioral computational phenotyping and discusses dataset/bias issues.,Review-level evidence; not a direct validation of a model.,Supports dataset diversity and bias gap.
TXMX9XGX,Patel et al. (2025),AI-Enabled Technologies and Biomarker Analysis for the Early Identification of Autism and Related Neurodevelopmental Disorders,2025,Children,10.3390/children12121670,background_review,Moderate,AI-enabled technologies and biomarkers for early ASD identification,Broad review of AI/biomarkers across modalities.,Too broad for speech/NLP claims; use as background only.,Frames broader biomarker context without over-weighting.
S4U9D4MJ,Zhang (2025),"AI-assisted early screening, diagnosis, and intervention for autism in young children",2025,Frontiers in Psychiatry,10.3389/fpsyt.2025.1513809,background_review,Moderate,"AI-assisted early screening, diagnosis, and intervention in young children","Review of AI-assisted early screening/diagnosis/intervention methods for infants, toddlers, and preschoolers; useful for broad framing.",Broad review and not speech/NLP-specific enough to be a core project evidence source.,Provides current early-childhood AI screening overview while core claims rely on more specific speech/transcript papers.
