screening_id,keeper_key,ai_initial_priority,ai_suggested_role,ai_priority_reason,title,year,publication,category,doi,has_pdf,pdf_path,collections,title_screen_decision_include_maybe_exclude,title_screen_reason_manual,abstract_screen_decision_include_maybe_exclude,abstract_population_manual,abstract_modality_manual,abstract_ai_method_manual,abstract_outcome_manual,full_text_screen_decision_include_maybe_exclude,full_text_sample_manual,full_text_dataset_source_manual,full_text_study_design_manual,full_text_model_metrics_manual,full_text_limitations_manual,quality_signal_strong_moderate_weak_manual,final_use_role_core_background_gap_future_exclude_manual,reviewer_notes_manual
P001,XSIL8EJU,High,core_speech_language_evidence+thai_context,speech/audio/language modality matches project core; Thai/local clinical context; clinical screening/assessment relevance,Two-Step Screening of the Modified Checklist for Autism in Toddlers in Thai Children with Language Delay and Typically Developing Children,2016,Journal of Autism and Developmental Disorders,Clinical Tools / Screening; Thai / Local Context; General AI / ML Prediction,10.1007/s10803-016-2876-4,yes,/Users/porschecaa/Zotero/storage/E7FUSQ38/Two-Step Screening of the Modified Checklist for Autism in Toddlers in Thai Children with Language Delay and Typically Developing Children.pdf,09_Thai_Local_Context,include,Keeps Thai clinical screening context and shows why local validation matters.,include,Thai M-CHAT two-step screening in language-delay and TD toddlers,"Thai two-step M-CHAT evidence; abstract reports high-risk language-delay children (N=109) and low-risk TD children (N=732), not N=292.",,Tertiary-care/high-risk setting and follow-up design; not an AI/speech model.,include,"Thai two-step M-CHAT evidence; abstract reports high-risk language-delay children (N=109) and low-risk TD children (N=732), not N=292.",,Thai M-CHAT two-step screening in language-delay and TD toddlers,"Thai two-step M-CHAT evidence; abstract reports high-risk language-delay children (N=109) and low-risk TD children (N=732), not N=292.",Tertiary-care/high-risk setting and follow-up design; not an AI/speech model.,Strong,background_local,Keeps Thai clinical screening context and shows why local validation matters.
P002,M4EJZXAJ,High,core_speech_language_evidence,speech/audio/language modality matches project core,Machine Learning Based Automated Speech Dialog Analysis Of Autistic Children,2019,Proceedings of 2019 11th International Conference on Knowledge and Systems Engineering,Speech / Audio; General AI / ML Prediction,10.1109/KSE.2019.8919266,yes,/Users/porschecaa/Downloads/Machine Learning Based Automated Speech Dialog Analysis Of Autistic Children.pdf,01_Speech_Audio; 00_All_ASD_AI_Literature,maybe,"Older speech-dialog analysis; keep in reserve, but newer transcript/audio papers better support current argument.",maybe,,,,,maybe,,,,,,Not_appraised,reserve_candidate,"Older speech-dialog analysis; keep in reserve, but newer transcript/audio papers better support current argument."
P003,KYR76JPY,High,review_background_or_gap,review/synthesis paper useful for background and gap framing; clinical screening/assessment relevance; video/behavior modality; useful mainly for multimodal/future-work context,The Use of Artificial Intelligence in Screening and Diagnosis of Autism Spectrum Disorder: A Literature Review,2019,Journal of the Korean Academy of Child and Adolescent Psychiatry,Review / Survey; Video / Behavior / Movement; Clinical Tools / Screening; General AI / ML Prediction,10.5765/jkacap.190027,yes,/Users/porschecaa/Zotero/storage/CJGHDQEK/The Use of Artificial Intelligence in Screening and Diagnosis of Autism Spectrum Disorder - A Literature Review.pdf,00_All_ASD_AI_Literature; 06_Clinical_Ethics_Privacy; 07_Review_Papers,exclude,"Relevant to broader multimodal ASD AI, but not central to current speech/language ASD workflow.",exclude,,,,,exclude,,,,,,Not_appraised,exclude,"Relevant to broader multimodal ASD AI, but not central to current speech/language ASD workflow."
P004,CUXGPA4J,High,core_speech_language_evidence,speech/audio/language modality matches project core,Acoustic Features Characterization of Autism Speech for Automated Detection and Classification,2020,National Conference on Communications,Speech / Audio; General AI / ML Prediction,10.1109/NCC48643.2020.9056025,yes,/Users/porschecaa/Downloads/Acoustic Features Characterization of Autism Speech for Automated Detection and Classification.pdf,01_Speech_Audio; 00_All_ASD_AI_Literature,include,Useful as early acoustic-feature evidence but must be caveated.,include,Acoustic feature characterization for ASD detection,"Uses acoustic features and classical classifiers; PDF reports KNN achieving 96.5% accuracy, not Random Forest 88.5%.",,Small controlled dataset; high accuracy likely not externally validated.,include,"Uses acoustic features and classical classifiers; PDF reports KNN achieving 96.5% accuracy, not Random Forest 88.5%.",,Acoustic feature characterization for ASD detection,"Uses acoustic features and classical classifiers; PDF reports KNN achieving 96.5% accuracy, not Random Forest 88.5%.",Small controlled dataset; high accuracy likely not externally validated.,Moderate,core,Useful as early acoustic-feature evidence but must be caveated.
P005,SKKCGCNC,High,core_speech_language_evidence,speech/audio/language modality matches project core; video/behavior modality; useful mainly for multimodal/future-work context,Automatic Identification of High-Risk Autism Spectrum Disorder: A Feasibility Study Using Video and Audio Data Under the Still-Face Paradigm,2020,IEEE Transactions on Neural Systems and Rehabilitation Engineering,Speech / Audio; Video / Behavior / Movement,10.1109/TNSRE.2020.3027756,yes,/Users/porschecaa/Zotero/storage/NKQZHLIV/Automatic Identification of High-Risk Autism Spectrum Disorder - A Feasibility Study Using Video and Audio Data Under the Still-Face Paradigm.pdf,01_Speech_Audio; 00_All_ASD_AI_Literature,exclude,"Relevant to broader multimodal ASD AI, but not central to current speech/language ASD workflow.",exclude,,,,,exclude,,,,,,Not_appraised,exclude,"Relevant to broader multimodal ASD AI, but not central to current speech/language ASD workflow."
P006,GYQF3Q88,High,core_speech_language_evidence,speech/audio/language modality matches project core; video/behavior modality; useful mainly for multimodal/future-work context,Wearable-Sensors-Based Platform for Gesture Recognition of Autism Spectrum Disorder Children Using Machine Learning Algorithms,2021,Sensors,Speech / Audio; Video / Behavior / Movement; General AI / ML Prediction,10.3390/s21103319,yes,/Users/porschecaa/Downloads/Wearable-Sensors-Based Platform for Gesture Recognition of Autism Spectrum Disorder Children Using Machine Learning Algorithms.pdf,01_Speech_Audio; 00_All_ASD_AI_Literature; 06_Clinical_Ethics_Privacy,exclude,"Relevant to broader multimodal ASD AI, but not central to current speech/language ASD workflow.",exclude,,,,,exclude,,,,,,Not_appraised,exclude,"Relevant to broader multimodal ASD AI, but not central to current speech/language ASD workflow."
P007,8QA33QFN,High,core_speech_language_evidence,speech/audio/language modality matches project core; clinical screening/assessment relevance; video/behavior modality; useful mainly for multimodal/future-work context,Classifying Autism From Crowdsourced Semistructured Speech Recordings: Machine Learning Model Comparison Study,2022,JMIR Pediatrics and Parenting,Speech / Audio; Video / Behavior / Movement; Clinical Tools / Screening; General AI / ML Prediction,10.2196/35406,yes,/Users/porschecaa/Zotero/storage/CCXMUG62/Classifying Autism From Crowdsourced Semistructured Speech Recordings - Machine Learning Model Comparison Study.pdf,01_Speech_Audio; 06_Clinical_Ethics_Privacy; 00_All_ASD_AI_Literature,include,Relevant to real-world audio robustness.,include,Crowdsourced semi-structured speech recordings,Compares ML models on mobile/crowdsourced speech; CNN around 79% was reported as best among compared models in the previous audit.,,"Noisy, short, app-recorded audio and limited control over recording conditions.",include,Compares ML models on mobile/crowdsourced speech; CNN around 79% was reported as best among compared models in the previous audit.,,Crowdsourced semi-structured speech recordings,Compares ML models on mobile/crowdsourced speech; CNN around 79% was reported as best among compared models in the previous audit.,"Noisy, short, app-recorded audio and limited control over recording conditions.",Moderate,core,Relevant to real-world audio robustness.
P008,G6FRB5QL,High,thai_local_context_evidence,Thai/local clinical context; less central modality for current speech/language project,Detection of Electroencephalographic Abnormalities and Its Associated Factors among Children with Autism Spectrum Disorder in Thailand,2022,Healthcare,Neuroimaging / EEG / Biomarkers; Thai / Local Context,10.3390/healthcare10101969,yes,/Users/porschecaa/Zotero/storage/4CSY3W45/Detection of Electroencephalographic Abnormalities and Its Associated Factors among Children with Autism Spectrum Disorder in Thailand.pdf,09_Thai_Local_Context,exclude,"Relevant to broader multimodal ASD AI, but not central to current speech/language ASD workflow.",exclude,,,,,exclude,,,,,,Not_appraised,exclude,"Relevant to broader multimodal ASD AI, but not central to current speech/language ASD workflow."
P009,7IKT7JCG,High,thai_local_context_evidence,Thai/local clinical context; clinical screening/assessment relevance,Development and psychometric evaluation of a Thai Diagnostic Autism Scale for the early diagnosis of Autism Spectrum Disorder,2022,Autism Research,Clinical Tools / Screening; Thai / Local Context; General AI / ML Prediction,10.1002/aur.2631,yes,/Users/porschecaa/Zotero/storage/8SRP9R6U/Development and psychometric evaluation of a Thai Diagnostic Autism Scale for the early diagnosis of Autism Spectrum Disorder.pdf,09_Thai_Local_Context,include,Best Thai ASD diagnostic-scale anchor for the project.,include,Thai Diagnostic Autism Scale psychometric validation,Thai cohort N=130. PDF reports sensitivity 100% and specificity 82.4% for TDAS against physician diagnosis.,,Clinical scale administered by trained professionals; not automated speech/NLP.,include,Thai cohort N=130. PDF reports sensitivity 100% and specificity 82.4% for TDAS against physician diagnosis.,,Thai Diagnostic Autism Scale psychometric validation,Thai cohort N=130. PDF reports sensitivity 100% and specificity 82.4% for TDAS against physician diagnosis.,Clinical scale administered by trained professionals; not automated speech/NLP.,Strong,background_local,Best Thai ASD diagnostic-scale anchor for the project.
P010,3RT7PK9I,High,core_speech_language_evidence+thai_context,speech/audio/language modality matches project core; Thai/local clinical context; video/behavior modality; useful mainly for multimodal/future-work context,The effects of positive emotional gesture guidance on speech sound discrimination in Thai children with ASD: A mismatch negativity study,2022,Songklanakarin Journal of Science and Technology,Speech / Audio; Video / Behavior / Movement; Thai / Local Context; General AI / ML Prediction,,yes,/Users/porschecaa/Zotero/storage/NPX2JTUE/The effects of positive emotional gesture guidance on speech sound discrimination in Thai children with ASD - A mismatch negativity study.pdf,09_Thai_Local_Context,exclude,"Relevant to broader multimodal ASD AI, but not central to current speech/language ASD workflow.",exclude,,,,,exclude,,,,,,Not_appraised,exclude,"Relevant to broader multimodal ASD AI, but not central to current speech/language ASD workflow."
P011,KMH2LMXK,High,core_speech_language_evidence,speech/audio/language modality matches project core,Vocal markers of autism: Assessing the generalizability of machine learning models,2022,Autism Research,Speech / Audio; General AI / ML Prediction,10.1002/aur.2721,yes,/Users/porschecaa/Zotero/storage/IX6VBLRP/Vocal markers of autism - Assessing the generalizability of machine learning models.pdf,01_Speech_Audio; 00_All_ASD_AI_Literature,include,Directly supports the project gap on external validation and task/corpus shift.,include,Generalizability of vocal markers of autism,Shows performance can vary sharply across speech tasks/datasets; F1 ranges reported around 0.59-0.89 depending on generalization setting.,,Generalizability stress-test rather than deployment validation.,include,Shows performance can vary sharply across speech tasks/datasets; F1 ranges reported around 0.59-0.89 depending on generalization setting.,,Generalizability of vocal markers of autism,Shows performance can vary sharply across speech tasks/datasets; F1 ranges reported around 0.59-0.89 depending on generalization setting.,Generalizability stress-test rather than deployment validation.,Strong,core,Directly supports the project gap on external validation and task/corpus shift.
P012,M42AHCBX,High,review_background_or_gap,review/synthesis paper useful for background and gap framing; clinical screening/assessment relevance; video/behavior modality; useful mainly for multimodal/future-work context,Early Diagnosis of Autism Spectrum Disorder: A Review and Analysis of the Risks and Benefits,2023,Cureus,Review / Survey; Video / Behavior / Movement; Clinical Tools / Screening; Intervention / Therapy / Education,10.7759/cureus.43226,yes,/Users/porschecaa/Zotero/storage/94LRJZCT/Early Diagnosis of Autism Spectrum Disorder - A Review and Analysis of the Risks and Benefits.pdf,07_Review_Papers; 00_All_ASD_AI_Literature,exclude,"Relevant to broader multimodal ASD AI, but not central to current speech/language ASD workflow.",exclude,,,,,exclude,,,,,,Not_appraised,exclude,"Relevant to broader multimodal ASD AI, but not central to current speech/language ASD workflow."
P013,J5QRFCSF,High,core_speech_language_evidence,speech/audio/language modality matches project core,Employing Classification Techniques on SmartSpeech Biometric Data towards Identification of Neurodevelopmental Disorders,2023,Signals,Speech / Audio; Intervention / Therapy / Education; General AI / ML Prediction,10.3390/signals4020021,yes,/Users/porschecaa/Downloads/Employing Classification Techniques on SmartSpeech Biometric Data towards Identification of Neurodevelopmental Disorders.pdf,01_Speech_Audio; 06_Clinical_Ethics_Privacy; 00_All_ASD_AI_Literature,maybe,SmartSpeech/neurodevelopmental classification; less ASD-specific and generated matrix overstated its model details.,maybe,,,,,maybe,,,,,,Not_appraised,reserve_candidate,SmartSpeech/neurodevelopmental classification; less ASD-specific and generated matrix overstated its model details.
P014,FTANMDLY,High,core_speech_language_evidence,speech/audio/language modality matches project core; review/synthesis paper useful for background and gap framing; clinical screening/assessment relevance; video/behavior modality; useful mainly for multimodal/future-work context; less central modality for current speech/language project,Role of Artificial Intelligence for Autism Diagnosis Using DTI and fMRI: A Survey,2023,Biomedicines,Review / Survey; Speech / Audio; Video / Behavior / Movement; Neuroimaging / EEG / Biomarkers; Clinical Tools / Screening; General AI / ML Prediction,10.3390/biomedicines11071858,yes,/Users/porschecaa/Downloads/Role of Artificial Intelligence for Autism Diagnosis Using DTI and fMRI - A Survey.pdf,01_Speech_Audio; 00_All_ASD_AI_Literature,exclude,"Relevant to broader multimodal ASD AI, but not central to current speech/language ASD workflow.",exclude,,,,,exclude,,,,,,Not_appraised,exclude,"Relevant to broader multimodal ASD AI, but not central to current speech/language ASD workflow."
P015,MNRUWLUM,High,core_speech_language_evidence,speech/audio/language modality matches project core,Speech and Language in Children with Autism Spectrum Disorders,2023,Siriraj Medical Bulletin,Speech / Audio,,yes,/Users/porschecaa/Zotero/storage/89LXYVD4/Speech and Language in Children with Autism Spectrum Disorders.pdf,09_Thai_Local_Context,include,Useful for SLP framing in Thai language.,include,"Speech and language profile in children with ASD, Thai clinical background",Thai clinical review/background on ASD speech-language difficulties and need for early speech-language support.,,Narrative/background source; no AI model or validation metric.,include,Thai clinical review/background on ASD speech-language difficulties and need for early speech-language support.,,"Speech and language profile in children with ASD, Thai clinical background",Thai clinical review/background on ASD speech-language difficulties and need for early speech-language support.,Narrative/background source; no AI model or validation metric.,Moderate,background_local,Useful for SLP framing in Thai language.
P016,G8VSSXXB,High,core_speech_language_evidence,speech/audio/language modality matches project core; clinical screening/assessment relevance; video/behavior modality; useful mainly for multimodal/future-work context,Autism Detection in Children: Integrating Machine Learning and Natural Language Processing in Narrative Analysis,2024,Behavioral Sciences,Video / Behavior / Movement; Clinical Tools / Screening; Intervention / Therapy / Education; General AI / ML Prediction,10.3390/bs14060459,yes,/Users/porschecaa/Downloads/Autism Detection in Children - Integrating Machine Learning and Natural Language Processing in Narrative Analysis.pdf,03_Video_Behavior; 00_All_ASD_AI_Literature,include,Directly supports transcript/NLP branch and transcription bottleneck.,include,NLP narrative analysis in children,Narrative-transcript ML/NLP study; reported high performance around 96% in the prior matrix; sample described as 68 ASD and 52 TD.,,Language-specific narrative transcripts and no clear cross-site external validation.,include,Narrative-transcript ML/NLP study; reported high performance around 96% in the prior matrix; sample described as 68 ASD and 52 TD.,,NLP narrative analysis in children,Narrative-transcript ML/NLP study; reported high performance around 96% in the prior matrix; sample described as 68 ASD and 52 TD.,Language-specific narrative transcripts and no clear cross-site external validation.,Moderate,core,Directly supports transcript/NLP branch and transcription bottleneck.
P017,H7DB7I5I,High,core_speech_language_evidence,speech/audio/language modality matches project core; review/synthesis paper useful for background and gap framing,Can Natural Speech Prosody Distinguish Autism Spectrum Disorders? A Meta-Analysis,2024,Behavioral Sciences,Review / Survey; Speech / Audio,10.3390/bs14020090,yes,/Users/porschecaa/Zotero/storage/Z89HDTH4/Can Natural Speech Prosody Distinguish Autism Spectrum Disorders A Meta-Analysis.pdf,00_All_ASD_AI_Literature; 07_Review_Papers,include,Strongest synthesis for acoustic/prosody rationale.,include,Natural speech prosody meta-analysis,"Meta-analysis of natural-speech prosody studies; supports pitch, prosody, and speech-rate markers as evidence class.",,Heterogeneous feature extraction and tasks; meta-analysis does not validate this project directly.,include,"Meta-analysis of natural-speech prosody studies; supports pitch, prosody, and speech-rate markers as evidence class.",,Natural speech prosody meta-analysis,"Meta-analysis of natural-speech prosody studies; supports pitch, prosody, and speech-rate markers as evidence class.",Heterogeneous feature extraction and tasks; meta-analysis does not validate this project directly.,Strong,core,Strongest synthesis for acoustic/prosody rationale.
P018,AEDDAD3D,High,core_speech_language_evidence,speech/audio/language modality matches project core,Detecting Autism Spectrum Disorder from Raw Speech in Children using STFT Layered CNN Model,2024,IEEE Conference Publication,Speech / Audio,,yes,/Users/porschecaa/Downloads/Detecting Autism Spectrum Disorder from Raw Speech in Children using STFT Layered CNN Model.pdf,01_Speech_Audio; 00_All_ASD_AI_Literature,include,Supports raw-speech direction but not strong evidence.,include,Raw child speech with STFT-layered CNN,Introduces CASD-SC child speech corpus; each child produced 36 recordings; log-spectrogram CNN reports about 86.6% accuracy.,,"Conference paper, small/controlled corpus, no external clinical validation.",include,Introduces CASD-SC child speech corpus; each child produced 36 recordings; log-spectrogram CNN reports about 86.6% accuracy.,,Raw child speech with STFT-layered CNN,Introduces CASD-SC child speech corpus; each child produced 36 recordings; log-spectrogram CNN reports about 86.6% accuracy.,"Conference paper, small/controlled corpus, no external clinical validation.",Weak,core,Supports raw-speech direction but not strong evidence.
P019,8JSNYFWT,High,thai_local_context_evidence,Thai/local clinical context; clinical screening/assessment relevance,Economic Evaluation of the Thai Diagnostic Autism Scale for Autism Spectrum Disorder Diagnosis in Children Aged 1-5 Years Old,2024,Healthcare,Clinical Tools / Screening; Thai / Local Context; General AI / ML Prediction,10.3390/healthcare12070782,yes,/Users/porschecaa/Zotero/storage/PSBAMEEF/Economic Evaluation of the Thai Diagnostic Autism Scale for Autism Spectrum Disorder Diagnosis in Children Aged 1-5 Years Old.pdf,09_Thai_Local_Context,include,"Supports Thai implementation rationale, not AI accuracy.",include,Economic evaluation of TDAS in Thai children aged 1-5 years,Markov/cost-utility study showing TDAS-based screening can be economically favorable in Thai health-system assumptions.,,"Model-based economic evidence, not model-performance evidence.",include,Markov/cost-utility study showing TDAS-based screening can be economically favorable in Thai health-system assumptions.,,Economic evaluation of TDAS in Thai children aged 1-5 years,Markov/cost-utility study showing TDAS-based screening can be economically favorable in Thai health-system assumptions.,"Model-based economic evidence, not model-performance evidence.",Moderate,background_local,"Supports Thai implementation rationale, not AI accuracy."
P020,UHJYGRNU,High,core_speech_language_evidence,speech/audio/language modality matches project core; clinical screening/assessment relevance,Enhancing ASD detection accuracy: a combined approach of machine learning and deep learning models with natural language processing,2024,Health Information Science and Systems,Clinical Tools / Screening; Intervention / Therapy / Education; General AI / ML Prediction,10.1007/s13755-024-00281-y,yes,/Users/porschecaa/Zotero/storage/LP4ZU7ID/Enhancing ASD detection accuracy - a combined approach of machine learning and deep learning models with natural language processing.pdf,03_Video_Behavior; 00_All_ASD_AI_Literature,maybe,Relevant NLP/ML paper; can be added if the review needs a larger NLP-method comparison.,maybe,,,,,maybe,,,,,,Not_appraised,reserve_candidate,Relevant NLP/ML paper; can be added if the review needs a larger NLP-method comparison.
P021,W56CBL28,High,review_background_or_gap,review/synthesis paper useful for background and gap framing; clinical screening/assessment relevance; video/behavior modality; useful mainly for multimodal/future-work context; less central modality for current speech/language project,Using Machine Learning for Motion Analysis to Early Detect Autism Spectrum Disorder: A Systematic Review,2024,Review Journal of Autism and Developmental Disorders,Review / Survey; Video / Behavior / Movement; Neuroimaging / EEG / Biomarkers; Clinical Tools / Screening; General AI / ML Prediction,10.1007/s40489-024-00435-4,yes,/Users/porschecaa/Zotero/storage/J8RTMPI4/Using Machine Learning for Motion Analysis to Early Detect Autism Spectrum Disorder - A Systematic Review.pdf,06_Clinical_Ethics_Privacy; 07_Review_Papers; 00_All_ASD_AI_Literature,exclude,"Relevant to broader multimodal ASD AI, but not central to current speech/language ASD workflow.",exclude,,,,,exclude,,,,,,Not_appraised,exclude,"Relevant to broader multimodal ASD AI, but not central to current speech/language ASD workflow."
P022,GGSJNPIS,High,core_speech_language_evidence,speech/audio/language modality matches project core; review/synthesis paper useful for background and gap framing; clinical screening/assessment relevance; video/behavior modality; useful mainly for multimodal/future-work context; less central modality for current speech/language project,A Scoping Review of AI-Based Approaches for Detecting Autism Traits Using Voice and Behavioral Data,2025,Bioengineering,Review / Survey; Speech / Audio; Video / Behavior / Movement; Neuroimaging / EEG / Biomarkers; Clinical Tools / Screening; Intervention / Therapy / Education; General AI / ML Prediction,10.3390/bioengineering12111136,yes,/Users/porschecaa/Downloads/A Scoping Review of AI-Based Approaches for Detecting Autism Traits Using Voice and Behavioral Data.pdf,05_Multimodal_AI; 00_All_ASD_AI_Literature; 06_Clinical_Ethics_Privacy; 07_Review_Papers,include,Supports dataset diversity and bias gap.,include,Scoping review of voice and behavioral AI,Maps voice/behavioral computational phenotyping and discusses dataset/bias issues.,,Review-level evidence; not a direct validation of a model.,include,Maps voice/behavioral computational phenotyping and discusses dataset/bias issues.,,Scoping review of voice and behavioral AI,Maps voice/behavioral computational phenotyping and discusses dataset/bias issues.,Review-level evidence; not a direct validation of a model.,Moderate,background_review,Supports dataset diversity and bias gap.
P023,TXMX9XGX,High,review_background_or_gap,review/synthesis paper useful for background and gap framing; clinical screening/assessment relevance; less central modality for current speech/language project,AI-Enabled Technologies and Biomarker Analysis for the Early Identification of Autism and Related Neurodevelopmental Disorders,2025,Children,Review / Survey; Neuroimaging / EEG / Biomarkers; Clinical Tools / Screening; Intervention / Therapy / Education; General AI / ML Prediction,10.3390/children12121670,yes,/Users/porschecaa/Downloads/AI-Enabled Technologies and Biomarker Analysis for the Early Identification of Autism and Related Neurodevelopmental Disorders.pdf,01_Speech_Audio; 05_Multimodal_AI; 00_All_ASD_AI_Literature; 06_Clinical_Ethics_Privacy,include,Frames broader biomarker context without over-weighting.,include,AI-enabled technologies and biomarkers for early ASD identification,Broad review of AI/biomarkers across modalities.,,Too broad for speech/NLP claims; use as background only.,include,Broad review of AI/biomarkers across modalities.,,AI-enabled technologies and biomarkers for early ASD identification,Broad review of AI/biomarkers across modalities.,Too broad for speech/NLP claims; use as background only.,Moderate,background_review,Frames broader biomarker context without over-weighting.
P024,S4U9D4MJ,High,review_background_or_gap,review/synthesis paper useful for background and gap framing; clinical screening/assessment relevance; video/behavior modality; useful mainly for multimodal/future-work context,"AI-assisted early screening, diagnosis, and intervention for autism in young children",2025,Frontiers in Psychiatry,Review / Survey; Video / Behavior / Movement; Clinical Tools / Screening; Intervention / Therapy / Education; General AI / ML Prediction,10.3389/fpsyt.2025.1513809,yes,"/Users/porschecaa/Zotero/storage/ALANTVXK/AI-assisted early screening, diagnosis, and intervention for autism in young children.pdf",07_Review_Papers; 00_All_ASD_AI_Literature,include,Provides current early-childhood AI screening overview while core claims rely on more specific speech/transcript papers.,include,"AI-assisted early screening, diagnosis, and intervention in young children","Review of AI-assisted early screening/diagnosis/intervention methods for infants, toddlers, and preschoolers; useful for broad framing.",,Broad review and not speech/NLP-specific enough to be a core project evidence source.,include,"Review of AI-assisted early screening/diagnosis/intervention methods for infants, toddlers, and preschoolers; useful for broad framing.",,"AI-assisted early screening, diagnosis, and intervention in young children","Review of AI-assisted early screening/diagnosis/intervention methods for infants, toddlers, and preschoolers; useful for broad framing.",Broad review and not speech/NLP-specific enough to be a core project evidence source.,Moderate,background_review,Provides current early-childhood AI screening overview while core claims rely on more specific speech/transcript papers.
P025,K94FXAC9,High,core_speech_language_evidence,speech/audio/language modality matches project core; review/synthesis paper useful for background and gap framing; clinical screening/assessment relevance; video/behavior modality; useful mainly for multimodal/future-work context,"Artificial Intelligence in Autism Spectrum Disorder Diagnosis: A Scoping Review of Face, Voice, and Text Analysis Methods",2025,Health Science Reports,Review / Survey; Speech / Audio; Video / Behavior / Movement; Clinical Tools / Screening; Intervention / Therapy / Education; General AI / ML Prediction,10.1002/hsr2.71476,yes,"/Users/porschecaa/Zotero/storage/R2QCYQTJ/Artificial Intelligence in Autism Spectrum Disorder Diagnosis - A Scoping Review of Face, Voice, and Text Analysis Methods.pdf",07_Review_Papers; 00_All_ASD_AI_Literature,include,Good overview for multimodal landscape and modality limitations.,include,"Scoping review of face, voice, and text AI for ASD","Maps AI approaches across face, voice, and text analysis methods.",,Scoping review; broad modality mix and depends on quality of included studies.,include,"Maps AI approaches across face, voice, and text analysis methods.",,"Scoping review of face, voice, and text AI for ASD","Maps AI approaches across face, voice, and text analysis methods.",Scoping review; broad modality mix and depends on quality of included studies.,Moderate,background_review,Good overview for multimodal landscape and modality limitations.
P026,I3ETMNE9,High,review_background_or_gap,review/synthesis paper useful for background and gap framing; clinical screening/assessment relevance; video/behavior modality; useful mainly for multimodal/future-work context,Artificial intelligence for tracking social behaviours and supporting an autism spectrum disorder diagnosis: systematic review and meta-analysis,2025,eBioMedicine,Review / Survey; Video / Behavior / Movement; Clinical Tools / Screening; General AI / ML Prediction,10.1016/j.ebiom.2025.105931,yes,/Users/porschecaa/Zotero/storage/MF88KRW9/Artificial intelligence for tracking social behaviours and supporting an autism spectrum disorder diagnosis - systematic review and meta-analysis.pdf,06_Clinical_Ethics_Privacy; 07_Review_Papers; 00_All_ASD_AI_Literature,exclude,"Relevant to broader multimodal ASD AI, but not central to current speech/language ASD workflow.",exclude,,,,,exclude,,,,,,Not_appraised,exclude,"Relevant to broader multimodal ASD AI, but not central to current speech/language ASD workflow."
P027,3XRPUIX4,High,core_speech_language_evidence,speech/audio/language modality matches project core; less central modality for current speech/language project,Envisioning the Future of Machine Learning in the Early Detection of Neurodevelopmental and Neurodegenerative Disorders via Speech and Language Biomarkers,2025,Acoustics,Speech / Audio; Neuroimaging / EEG / Biomarkers; General AI / ML Prediction,10.3390/acoustics7040072,yes,/Users/porschecaa/Downloads/Envisioning the Future of Machine Learning in the Early Detection of Neurodevelopmental and Neurodegenerative Disorders via Speech and Language Biomarkers.pdf,01_Speech_Audio; 05_Multimodal_AI; 00_All_ASD_AI_Literature; 06_Clinical_Ethics_Privacy,exclude,"Relevant to broader multimodal ASD AI, but not central to current speech/language ASD workflow.",exclude,,,,,exclude,,,,,,Not_appraised,exclude,"Relevant to broader multimodal ASD AI, but not central to current speech/language ASD workflow."
P028,YXPW47C5,High,review_background_or_gap,review/synthesis paper useful for background and gap framing; clinical screening/assessment relevance; video/behavior modality; useful mainly for multimodal/future-work context,Implementation of generative AI for the assessment and treatment of autism spectrum disorders: a scoping review,2025,Frontiers in Psychiatry,Review / Survey; Video / Behavior / Movement; Clinical Tools / Screening; Intervention / Therapy / Education; General AI / ML Prediction,10.3389/fpsyt.2025.1628216,yes,/Users/porschecaa/Zotero/storage/YK2QPMNP/Implementation of generative AI for the assessment and treatment of autism spectrum disorders - a scoping review.pdf,05_Multimodal_AI; 06_Clinical_Ethics_Privacy; 07_Review_Papers; 00_All_ASD_AI_Literature,exclude,"Relevant to broader multimodal ASD AI, but not central to current speech/language ASD workflow.",exclude,,,,,exclude,,,,,,Not_appraised,exclude,"Relevant to broader multimodal ASD AI, but not central to current speech/language ASD workflow."
P029,2BW3LG5M,High,core_speech_language_evidence,speech/audio/language modality matches project core; clinical screening/assessment relevance,Multimodal AI for risk stratification in autism spectrum disorder: integrating voice and screening tools,2025,NPJ Digital Medicine,Speech / Audio; Clinical Tools / Screening; General AI / ML Prediction,10.1038/s41746-025-01914-6,yes,/Users/porschecaa/Zotero/storage/QKMPQ9PA/Multimodal AI for risk stratification in autism spectrum disorder - integrating voice and screening tools.pdf,01_Speech_Audio; 05_Multimodal_AI; 06_Clinical_Ethics_Privacy; 00_All_ASD_AI_Literature,include,Best recent benchmark for combining voice with screening tools.,include,Multimodal voice + screening-tool risk stratification,"NPJ Digital Medicine; 1242 children aged 18-48 months. Stage 1 AUROC 0.942, accuracy 0.86; Stage 2 AUROC 0.914, accuracy 0.852; agreement with ADOS-2 risk categories 79.59%.",,Multimodal mobile/screening workflow; requires careful calibration and external validation despite strong scale.,include,"NPJ Digital Medicine; 1242 children aged 18-48 months. Stage 1 AUROC 0.942, accuracy 0.86; Stage 2 AUROC 0.914, accuracy 0.852; agreement with ADOS-2 risk categories 79.59%.",,Multimodal voice + screening-tool risk stratification,"NPJ Digital Medicine; 1242 children aged 18-48 months. Stage 1 AUROC 0.942, accuracy 0.86; Stage 2 AUROC 0.914, accuracy 0.852; agreement with ADOS-2 risk categories 79.59%.",Multimodal mobile/screening workflow; requires careful calibration and external validation despite strong scale.,Strong,core,Best recent benchmark for combining voice with screening tools.
P030,27IITKNS,High,core_speech_language_evidence,speech/audio/language modality matches project core; clinical screening/assessment relevance; video/behavior modality; useful mainly for multimodal/future-work context,Reliably quantifying the severity of social symptoms in children with autism using ASDSpeech,2025,Translational Psychiatry,Speech / Audio; Video / Behavior / Movement; Clinical Tools / Screening; General AI / ML Prediction,10.1038/s41398-025-03233-6,yes,/Users/porschecaa/Zotero/storage/AXY2ZJXJ/Reliably quantifying the severity of social symptoms in children with autism using ASDSpeech.pdf,01_Speech_Audio; 06_Clinical_Ethics_Privacy; 00_All_ASD_AI_Literature,include,Strong rationale for graded severity scoring rather than binary-only output.,include,ASDSpeech severity quantification,"ASDSpeech uses 99,193 vocalizations from 197 ASD children across ADOS-2 assessments; independent testing on 61 children; correlations with ADOS-2 severity reported.",,"ADOS-2 assessment context, not free home conversation; ASD-only severity estimation rather than ASD-vs-TD screening.",include,"ASDSpeech uses 99,193 vocalizations from 197 ASD children across ADOS-2 assessments; independent testing on 61 children; correlations with ADOS-2 severity reported.",,ASDSpeech severity quantification,"ASDSpeech uses 99,193 vocalizations from 197 ASD children across ADOS-2 assessments; independent testing on 61 children; correlations with ADOS-2 severity reported.","ADOS-2 assessment context, not free home conversation; ASD-only severity estimation rather than ASD-vs-TD screening.",Strong,core,Strong rationale for graded severity scoring rather than binary-only output.
P031,RBSTR768,High,core_speech_language_evidence,speech/audio/language modality matches project core; clinical screening/assessment relevance,Screening autism spectrum disorder in children using machine learning on speech transcripts,2025,Scientific Reports,Speech / Audio; Clinical Tools / Screening; General AI / ML Prediction,10.1038/s41598-025-01500-6,yes,/Users/porschecaa/Zotero/storage/TY7L3KJS/Screening autism spectrum disorder in children using machine learning on speech transcripts.pdf,01_Speech_Audio; 00_All_ASD_AI_Literature,include,One of the closest matches to asd-project speech-transcript workflow.,include,ML on children speech transcripts,Scientific Reports paper using TalkBank transcript features; reports accuracy above 86% across datasets and strong logistic-regression/TabNet results.,,Uses curated transcripts; age/dataset differences and TalkBank generalizability remain concerns.,include,Scientific Reports paper using TalkBank transcript features; reports accuracy above 86% across datasets and strong logistic-regression/TabNet results.,,ML on children speech transcripts,Scientific Reports paper using TalkBank transcript features; reports accuracy above 86% across datasets and strong logistic-regression/TabNet results.,Uses curated transcripts; age/dataset differences and TalkBank generalizability remain concerns.,Moderate,core,One of the closest matches to asd-project speech-transcript workflow.
P032,QJR8K5QS,High,core_speech_language_evidence,speech/audio/language modality matches project core,The Noor Project: fair transformer transfer learning for autism spectrum disorder recognition from speech,2025,,Speech / Audio,,yes,/Users/porschecaa/Downloads/The Noor Project - fair transformer transfer learning for autism spectrum disorder recognition from speech.pdf,01_Speech_Audio; 00_All_ASD_AI_Literature,include,Essential support for bias/fairness gap in speech AI.,include,Noor Project fairness in ASD speech recognition,Frontiers in Digital Health paper on transformer transfer learning and fairness testing; reports strong mixed-gender performance but female sensitivity can drop sharply.,,Fairness/performance varies by subgroup; transfer-learning setup depends on available corpora.,include,Frontiers in Digital Health paper on transformer transfer learning and fairness testing; reports strong mixed-gender performance but female sensitivity can drop sharply.,,Noor Project fairness in ASD speech recognition,Frontiers in Digital Health paper on transformer transfer learning and fairness testing; reports strong mixed-gender performance but female sensitivity can drop sharply.,Fairness/performance varies by subgroup; transfer-learning setup depends on available corpora.,Moderate,core,Essential support for bias/fairness gap in speech AI.
P033,9ZA7HANM,High,review_background_or_gap,review/synthesis paper useful for background and gap framing; clinical screening/assessment relevance; video/behavior modality; useful mainly for multimodal/future-work context; less central modality for current speech/language project,The Role of Artificial Intelligence for Early Diagnostic Tools of Autism Spectrum Disorder: A Systematic Review,2025,Turkish Archives of Pediatrics,Review / Survey; Video / Behavior / Movement; Eye Tracking / Gaze; Neuroimaging / EEG / Biomarkers; Clinical Tools / Screening; Intervention / Therapy / Education; General AI / ML Prediction,10.5152/turkarchpediatr.2025.24183,yes,/Users/porschecaa/Zotero/storage/622EA4X2/The Role of Artificial Intelligence for Early Diagnostic Tools of Autism Spectrum Disorder - A Systematic Review.pdf,06_Clinical_Ethics_Privacy; 07_Review_Papers; 00_All_ASD_AI_Literature,exclude,"Relevant to broader multimodal ASD AI, but not central to current speech/language ASD workflow.",exclude,,,,,exclude,,,,,,Not_appraised,exclude,"Relevant to broader multimodal ASD AI, but not central to current speech/language ASD workflow."
P034,WHU47UFD,High,core_speech_language_evidence,speech/audio/language modality matches project core,Automated detection of adult autism from vowel acoustics using machine learning,2026,medRxiv,Speech / Audio; General AI / ML Prediction,10.64898/2026.04.03.26350102,yes,/Users/porschecaa/Zotero/storage/9ML8TZ94/Automated detection of adult autism from vowel acoustics using machine learning.pdf,01_Speech_Audio; 00_All_ASD_AI_Literature,include,"Use only as future/acoustic plausibility, not as core child-ASD evidence.",include,Adult vowel acoustics preprint,medRxiv preprint; 18 autistic adults + 18 neurotypical adults; best model discriminability about 89%.,,"Not peer reviewed, adult controlled-vowel task, very small sample, not child screening.",include,medRxiv preprint; 18 autistic adults + 18 neurotypical adults; best model discriminability about 89%.,,Adult vowel acoustics preprint,medRxiv preprint; 18 autistic adults + 18 neurotypical adults; best model discriminability about 89%.,"Not peer reviewed, adult controlled-vowel task, very small sample, not child screening.",Weak,future,"Use only as future/acoustic plausibility, not as core child-ASD evidence."
P035,JP7UJE9A,High,core_speech_language_evidence,speech/audio/language modality matches project core,Machine Learning-Based Early Prediction Model for Autism Spectrum Disorder in Infants Using Acoustic Feature,2026,Autism Research,Speech / Audio; General AI / ML Prediction,10.1002/aur.70179,yes,/Users/porschecaa/Downloads/Machine Learning-Based Early Prediction Model for Autism Spectrum Disorder in Infants Using Acoustic Feature.pdf,01_Speech_Audio; 00_All_ASD_AI_Literature,include,Corrected acoustic early-prediction evidence.,include,Infant acoustic-feature SVM prediction model,"Prospective cohort; PDF reports 88 infants, 28 later diagnosed with ASD. Best sigmoid-kernel SVM: sensitivity 92.86%, specificity 93.33%, accuracy 93.18%.",,Single clinical context and infant vocalization task; not CNN/Random Forest and not N=124.,include,"Prospective cohort; PDF reports 88 infants, 28 later diagnosed with ASD. Best sigmoid-kernel SVM: sensitivity 92.86%, specificity 93.33%, accuracy 93.18%.",,Infant acoustic-feature SVM prediction model,"Prospective cohort; PDF reports 88 infants, 28 later diagnosed with ASD. Best sigmoid-kernel SVM: sensitivity 92.86%, specificity 93.33%, accuracy 93.18%.",Single clinical context and infant vocalization task; not CNN/Random Forest and not N=124.,Moderate,core,Corrected acoustic early-prediction evidence.
P036,48NKH9H2,High - PDF needed,thai_local_context_evidence,Thai/local clinical context; clinical screening/assessment relevance; PDF missing; retrieve before full-text screening,"Translation and validation of the developmental, dimensional and diagnostic interview (3Di) for diagnosis of autism spectrum disorder in Thai children",2011,,Clinical Tools / Screening; Thai / Local Context; General AI / ML Prediction,,no,,09_Thai_Local_Context,maybe,Potentially relevant but PDF/full text was not available in ZIP; do not use for final claims until retrieved.,maybe,,,,,maybe_pdf_needed,,,,,,Cannot_appraise_no_pdf,reserve_pdf_needed,Potentially relevant but PDF/full text was not available in ZIP; do not use for final claims until retrieved.
P037,MVT3EIZF,High - PDF needed,core_speech_language_evidence,speech/audio/language modality matches project core; clinical screening/assessment relevance; PDF missing; retrieve before full-text screening,Detection of Autism Spectrum Disorder in Children Using Machine Learning Techniques,2021,Sn Computer Science,Speech / Audio; Clinical Tools / Screening; General AI / ML Prediction,10.1007/s42979-021-00776-5,no,,01_Speech_Audio; 00_All_ASD_AI_Literature; 06_Clinical_Ethics_Privacy,maybe,Potentially relevant but PDF/full text was not available in ZIP; do not use for final claims until retrieved.,maybe,,,,,maybe_pdf_needed,,,,,,Cannot_appraise_no_pdf,reserve_pdf_needed,Potentially relevant but PDF/full text was not available in ZIP; do not use for final claims until retrieved.
P038,YVI86GFE,High - PDF needed,review_background_or_gap,review/synthesis paper useful for background and gap framing; clinical screening/assessment relevance; less central modality for current speech/language project; PDF missing; retrieve before full-text screening,"Artificial intelligence-based approaches for improving the diagnosis, triage, and prioritization of autism spectrum disorder: a systematic review of current trends and open issues",2023,Artificial Intelligence Review,Review / Survey; Neuroimaging / EEG / Biomarkers; Clinical Tools / Screening; Intervention / Therapy / Education; General AI / ML Prediction,10.1007/s10462-023-10536-x,no,,00_All_ASD_AI_Literature; 06_Clinical_Ethics_Privacy; 07_Review_Papers,maybe,Potentially relevant but PDF/full text was not available in ZIP; do not use for final claims until retrieved.,maybe,,,,,maybe_pdf_needed,,,,,,Cannot_appraise_no_pdf,reserve_pdf_needed,Potentially relevant but PDF/full text was not available in ZIP; do not use for final claims until retrieved.
P039,6T7L2DRQ,High - PDF needed,core_speech_language_evidence,speech/audio/language modality matches project core; review/synthesis paper useful for background and gap framing; PDF missing; retrieve before full-text screening,Artificial Intelligence and the Future of Communication Sciences and Disorders: A Bibliometric and Visualization Analysis,2024,"Journal of Speech, Language, and Hearing Research",General AI / ML Prediction,10.1044/2024_JSLHR-24-00157,no,,00_All_ASD_AI_Literature; 07_Review_Papers,maybe,Potentially relevant but PDF/full text was not available in ZIP; do not use for final claims until retrieved.,maybe,,,,,maybe_pdf_needed,,,,,,Cannot_appraise_no_pdf,reserve_pdf_needed,Potentially relevant but PDF/full text was not available in ZIP; do not use for final claims until retrieved.
P040,JKGXIYXN,High - PDF needed,review_background_or_gap,review/synthesis paper useful for background and gap framing; clinical screening/assessment relevance; video/behavior modality; useful mainly for multimodal/future-work context; PDF missing; retrieve before full-text screening,Early diagnostic value of home video-based machine learning in autism spectrum disorder: a meta-analysis,2024,,Review / Survey; Video / Behavior / Movement; Clinical Tools / Screening; General AI / ML Prediction,,no,,00_All_ASD_AI_Literature; 07_Review_Papers,maybe,Potentially relevant but PDF/full text was not available in ZIP; do not use for final claims until retrieved.,maybe,,,,,maybe_pdf_needed,,,,,,Cannot_appraise_no_pdf,reserve_pdf_needed,Potentially relevant but PDF/full text was not available in ZIP; do not use for final claims until retrieved.
P041,G42Q72IM,Medium,review_background_or_gap,review/synthesis paper useful for background and gap framing; video/behavior modality; useful mainly for multimodal/future-work context,A Review of Machine Learning Methods of Feature Selection and Classification for Autism Spectrum Disorder,2020,Brain Sciences,Review / Survey; Video / Behavior / Movement; General AI / ML Prediction,10.3390/brainsci10120949,yes,/Users/porschecaa/Zotero/storage/KY8IARE4/A Review of Machine Learning Methods of Feature Selection and Classification for Autism Spectrum Disorder.pdf,00_All_ASD_AI_Literature; 07_Review_Papers,exclude,"Relevant to broader multimodal ASD AI, but not central to current speech/language ASD workflow.",exclude,,,,,exclude,,,,,,Not_appraised,exclude,"Relevant to broader multimodal ASD AI, but not central to current speech/language ASD workflow."
P042,LGHHGLEG,Medium,clinical_screening_context,clinical screening/assessment relevance; video/behavior modality; useful mainly for multimodal/future-work context,Application of the Still-Face Paradigm in Early Screening for High-Risk Autism Spectrum Disorder in Infants and Toddlers,2020,Frontiers in Pediatrics,Video / Behavior / Movement; Clinical Tools / Screening,10.3389/fped.2020.00290,yes,/Users/porschecaa/Zotero/storage/VYNWUXGH/Application of the Still-Face Paradigm in Early Screening for High-Risk Autism Spectrum Disorder in Infants and Toddlers.pdf,03_Video_Behavior; 06_Clinical_Ethics_Privacy; 00_All_ASD_AI_Literature,exclude,"Relevant to broader multimodal ASD AI, but not central to current speech/language ASD workflow.",exclude,,,,,exclude,,,,,,Not_appraised,exclude,"Relevant to broader multimodal ASD AI, but not central to current speech/language ASD workflow."
P043,FKMUVZ5J,Medium,clinical_screening_context,clinical screening/assessment relevance,Autism AI: a New Autism Screening System Based on Artificial Intelligence,2020,Cognitive Computation,Clinical Tools / Screening; General AI / ML Prediction,10.1007/s12559-020-09743-3,yes,/Users/porschecaa/Downloads/Autism AI - a New Autism Screening System Based on Artificial Intelligence.pdf,03_Video_Behavior; 00_All_ASD_AI_Literature; 06_Clinical_Ethics_Privacy,exclude,"Not selected after balancing relevance, evidence strength, and redundancy against stronger included papers.",exclude,,,,,exclude,,,,,,Not_appraised,exclude,"Not selected after balancing relevance, evidence strength, and redundancy against stronger included papers."
P044,GYHBH7HY,Medium,clinical_screening_context,clinical screening/assessment relevance; video/behavior modality; useful mainly for multimodal/future-work context,Multi-modular AI Approach to Streamline Autism Diagnosis in Young Children,2020,Scientific Reports,Video / Behavior / Movement; Clinical Tools / Screening; General AI / ML Prediction,10.1038/s41598-020-61213-w,yes,/Users/porschecaa/Zotero/storage/3HCV7A8V/Multi-modular AI Approach to Streamline Autism Diagnosis in Young Children.pdf,03_Video_Behavior; 05_Multimodal_AI; 06_Clinical_Ethics_Privacy; 00_All_ASD_AI_Literature,exclude,"Relevant to broader multimodal ASD AI, but not central to current speech/language ASD workflow.",exclude,,,,,exclude,,,,,,Not_appraised,exclude,"Relevant to broader multimodal ASD AI, but not central to current speech/language ASD workflow."
P045,ZGS6NEZB,Medium,review_background_or_gap,review/synthesis paper useful for background and gap framing,Annual Research Review: Achieving universal health coverage for young children with autism spectrum disorder in low‐ and middle‐income countries: a review of reviews,2021,Journal of Child Psychology and Psychiatry,Review / Survey; Intervention / Therapy / Education,10.1111/jcpp.13404,yes,/Users/porschecaa/Zotero/storage/LDM72NYZ/Annual Research Review - Achieving universal health coverage for young children with autism spectrum disorder in low‐ and middle‐income countries - a review of reviews.pdf,07_Review_Papers; 00_All_ASD_AI_Literature,exclude,"Not selected after balancing relevance, evidence strength, and redundancy against stronger included papers.",exclude,,,,,exclude,,,,,,Not_appraised,exclude,"Not selected after balancing relevance, evidence strength, and redundancy against stronger included papers."
P046,XL52XVXL,Medium,multimodal_or_future_work_context,video/behavior modality; useful mainly for multimodal/future-work context; less central modality for current speech/language project; PDF missing; title/abstract screening only until PDF is retrieved,Computational Methods to Measure Patterns of Gaze in Toddlers With Autism Spectrum Disorder,2021,,Eye Tracking / Gaze,,no,,00_All_ASD_AI_Literature; 03_Video_Behavior; 06_Clinical_Ethics_Privacy,exclude,"Relevant to broader multimodal ASD AI, but not central to current speech/language ASD workflow.",exclude,,,,,exclude,,,,,,Not_appraised,exclude,"Relevant to broader multimodal ASD AI, but not central to current speech/language ASD workflow."
P047,P2ZJQRS2,Medium,clinical_screening_context,clinical screening/assessment relevance; video/behavior modality; useful mainly for multimodal/future-work context,Developing a New Autism Diagnosis Process Based on a Hybrid Deep Learning Architecture Through Analyzing Home Videos,2021,arXiv (Cornell University),Video / Behavior / Movement; Clinical Tools / Screening; Intervention / Therapy / Education; General AI / ML Prediction,10.48550/arxiv.2104.01137,yes,/Users/porschecaa/Zotero/storage/5NWRNCPN/Developing a New Autism Diagnosis Process Based on a Hybrid Deep Learning Architecture Through Analyzing Home Videos.pdf,03_Video_Behavior; 06_Clinical_Ethics_Privacy; 00_All_ASD_AI_Literature,exclude,"Relevant to broader multimodal ASD AI, but not central to current speech/language ASD workflow.",exclude,,,,,exclude,,,,,,Not_appraised,exclude,"Relevant to broader multimodal ASD AI, but not central to current speech/language ASD workflow."
P048,9L5L7CML,Medium,clinical_screening_context,clinical screening/assessment relevance; video/behavior modality; useful mainly for multimodal/future-work context,Is Smiling the Key? Machine Learning Analytics Detect Subtle Patterns in Micro-Expressions of Infants with ASD,2021,Journal of Clinical Medicine,Video / Behavior / Movement; Clinical Tools / Screening; Intervention / Therapy / Education; General AI / ML Prediction,10.3390/jcm10081776,yes,/Users/porschecaa/Downloads/Is Smiling the Key Machine Learning Analytics Detect Subtle Patterns in Micro-Expressions of Infants with ASD.pdf,03_Video_Behavior; 00_All_ASD_AI_Literature; 06_Clinical_Ethics_Privacy,exclude,"Relevant to broader multimodal ASD AI, but not central to current speech/language ASD workflow.",exclude,,,,,exclude,,,,,,Not_appraised,exclude,"Relevant to broader multimodal ASD AI, but not central to current speech/language ASD workflow."
P049,DTEPM4KG,Medium,review_background_or_gap,review/synthesis paper useful for background and gap framing; video/behavior modality; useful mainly for multimodal/future-work context; less central modality for current speech/language project,Automatic autism spectrum disorder detection using artificial intelligence methods with MRI neuroimaging: A review,2022,Frontiers in Molecular Neuroscience,Review / Survey; Video / Behavior / Movement; Neuroimaging / EEG / Biomarkers; General AI / ML Prediction,10.3389/fnmol.2022.999605,yes,/Users/porschecaa/Zotero/storage/9KTEQR36/Automatic autism spectrum disorder detection using artificial intelligence methods with MRI neuroimaging - A review.pdf,07_Review_Papers; 00_All_ASD_AI_Literature,exclude,"Relevant to broader multimodal ASD AI, but not central to current speech/language ASD workflow.",exclude,,,,,exclude,,,,,,Not_appraised,exclude,"Relevant to broader multimodal ASD AI, but not central to current speech/language ASD workflow."
P050,EF3E3H88,Medium,clinical_screening_context,clinical screening/assessment relevance; video/behavior modality; useful mainly for multimodal/future-work context; less central modality for current speech/language project,Beyond the three-chamber test: toward a multimodal and objective assessment of social behavior in rodents,2022,Molecular Autism,Video / Behavior / Movement; Clinical Tools / Screening,10.1186/s13229-022-00521-6,yes,/Users/porschecaa/Zotero/storage/MCT3IUSL/Beyond the three-chamber test - toward a multimodal and objective assessment of social behavior in rodents.pdf,03_Video_Behavior; 05_Multimodal_AI; 00_All_ASD_AI_Literature,exclude,"Peripheral, editorial/opinion, animal-only, or broad mental-health source; not needed for speech/NLP ASD review.",exclude,,,,,exclude,,,,,,Not_appraised,exclude,"Peripheral, editorial/opinion, animal-only, or broad mental-health source; not needed for speech/NLP ASD review."
P051,2M5MN383,Medium,clinical_screening_context,clinical screening/assessment relevance; video/behavior modality; useful mainly for multimodal/future-work context,Evaluation of an artificial intelligence-based medical device for diagnosis of autism spectrum disorder,2022,NPJ Digital Medicine,Video / Behavior / Movement; Clinical Tools / Screening; Intervention / Therapy / Education; General AI / ML Prediction,10.1038/s41746-022-00598-6,yes,/Users/porschecaa/Zotero/storage/4S7RAB6E/Evaluation of an artificial intelligence-based medical device for diagnosis of autism spectrum disorder.pdf,03_Video_Behavior; 06_Clinical_Ethics_Privacy; 00_All_ASD_AI_Literature,include,Key safety precedent for indeterminate/uncertainty gating.,include,AI-based medical device with indeterminate output,"Double-blind, multisite prospective comparator cohort; 425 study completers; determinate-output sensitivity 98.4%, specificity 78.9%; 31.8% received determinate output.",,"Device abstains for many complex cases; output is diagnosis-support, not autonomous diagnosis.",include,"Double-blind, multisite prospective comparator cohort; 425 study completers; determinate-output sensitivity 98.4%, specificity 78.9%; 31.8% received determinate output.",,AI-based medical device with indeterminate output,"Double-blind, multisite prospective comparator cohort; 425 study completers; determinate-output sensitivity 98.4%, specificity 78.9%; 31.8% received determinate output.","Device abstains for many complex cases; output is diagnosis-support, not autonomous diagnosis.",Strong,core,Key safety precedent for indeterminate/uncertainty gating.
P052,YW75HANF,Medium,clinical_screening_context,clinical screening/assessment relevance; video/behavior modality; useful mainly for multimodal/future-work context,Prediction of autistic tendencies at 18 months of age via markerless video analysis of spontaneous body movements in 4-month-old infants,2022,Scientific Reports,Video / Behavior / Movement; Clinical Tools / Screening; Intervention / Therapy / Education; General AI / ML Prediction,10.1038/s41598-022-21308-y,yes,/Users/porschecaa/Zotero/storage/ZENXG22T/Prediction of autistic tendencies at 18 months of age via markerless video analysis of spontaneous body movements in 4-month-old infants.pdf,03_Video_Behavior; 06_Clinical_Ethics_Privacy; 00_All_ASD_AI_Literature,exclude,"Relevant to broader multimodal ASD AI, but not central to current speech/language ASD workflow.",exclude,,,,,exclude,,,,,,Not_appraised,exclude,"Relevant to broader multimodal ASD AI, but not central to current speech/language ASD workflow."
P053,MZVR9Y8I,Medium,clinical_screening_context,clinical screening/assessment relevance,An evaluation of machine learning approaches for early diagnosis of autism spectrum disorder,2023,Healthcare Analytics,Clinical Tools / Screening; General AI / ML Prediction,10.1016/j.health.2023.100293,yes,/Users/porschecaa/Zotero/storage/TX3XKTPZ/An evaluation of machine learning approaches for early diagnosis of autism spectrum disorder.pdf,00_All_ASD_AI_Literature; 08_Maybe_Exclude_Check,exclude,"Not selected after balancing relevance, evidence strength, and redundancy against stronger included papers.",exclude,,,,,exclude,,,,,,Not_appraised,exclude,"Not selected after balancing relevance, evidence strength, and redundancy against stronger included papers."
P054,J3MRNT3U,Medium,clinical_screening_context,clinical screening/assessment relevance; video/behavior modality; useful mainly for multimodal/future-work context,Autism spectrum Disorder detection Using Face Features based on Deep Neural network,2023,Wasit Journal of Computer and Mathematics Science,Video / Behavior / Movement; Clinical Tools / Screening,10.31185/wjcm.100,yes,/Users/porschecaa/Zotero/storage/CJRTAVAN/Autism spectrum Disorder detection Using Face Features based on Deep Neural network.pdf,03_Video_Behavior; 06_Clinical_Ethics_Privacy; 00_All_ASD_AI_Literature,exclude,"Relevant to broader multimodal ASD AI, but not central to current speech/language ASD workflow.",exclude,,,,,exclude,,,,,,Not_appraised,exclude,"Relevant to broader multimodal ASD AI, but not central to current speech/language ASD workflow."
P055,6RSWBGEF,Medium,review_background_or_gap,review/synthesis paper useful for background and gap framing; less central modality for current speech/language project,Candidate biomarkers in psychiatric disorders: state of the field,2023,World Psychiatry,Review / Survey; Neuroimaging / EEG / Biomarkers; Intervention / Therapy / Education,10.1002/wps.21078,yes,/Users/porschecaa/Zotero/storage/ZZUDG5NU/Candidate biomarkers in psychiatric disorders - state of the field.pdf,03_Video_Behavior; 06_Clinical_Ethics_Privacy; 00_All_ASD_AI_Literature,exclude,"Relevant to broader multimodal ASD AI, but not central to current speech/language ASD workflow.",exclude,,,,,exclude,,,,,,Not_appraised,exclude,"Relevant to broader multimodal ASD AI, but not central to current speech/language ASD workflow."
P056,VTHF4HMH,Medium,clinical_screening_context,clinical screening/assessment relevance; video/behavior modality; useful mainly for multimodal/future-work context,Detection of autism spectrum disorder (ASD) in children and adults using machine learning,2023,Scientific Reports,Video / Behavior / Movement; Clinical Tools / Screening; General AI / ML Prediction,10.1038/s41598-023-35910-1,yes,/Users/porschecaa/Zotero/storage/DE7JESH5/Detection of autism spectrum disorder (ASD) in children and adults using machine learning.pdf,03_Video_Behavior; 00_All_ASD_AI_Literature,exclude,"Relevant to broader multimodal ASD AI, but not central to current speech/language ASD workflow.",exclude,,,,,exclude,,,,,,Not_appraised,exclude,"Relevant to broader multimodal ASD AI, but not central to current speech/language ASD workflow."
P057,67FAGKGF,Medium,clinical_screening_context,clinical screening/assessment relevance; video/behavior modality; useful mainly for multimodal/future-work context,Introducing SSBD+ Dataset with a Convolutional Pipeline for Detecting Self-Stimulatory Behaviours in Children Using Raw Videos,2023,not reported,Video / Behavior / Movement; Clinical Tools / Screening; General AI / ML Prediction,10.1109/healthcom56612.2023.10472349,yes,/Users/porschecaa/Downloads/Introducing SSBD+ Dataset with a Convolutional Pipeline for Detecting Self-Stimulatory Behaviours in Children Using Raw Videos.pdf,03_Video_Behavior; 00_All_ASD_AI_Literature; 06_Clinical_Ethics_Privacy,exclude,"Relevant to broader multimodal ASD AI, but not central to current speech/language ASD workflow.",exclude,,,,,exclude,,,,,,Not_appraised,exclude,"Relevant to broader multimodal ASD AI, but not central to current speech/language ASD workflow."
P058,4YHTPX7Z,Medium,clinical_screening_context,clinical screening/assessment relevance; video/behavior modality; useful mainly for multimodal/future-work context; less central modality for current speech/language project,Neuroimaging genetics approaches to identify new biomarkers for the early diagnosis of autism spectrum disorder,2023,Molecular Psychiatry,Video / Behavior / Movement; Neuroimaging / EEG / Biomarkers; Clinical Tools / Screening,10.1038/s41380-023-02060-9,yes,/Users/porschecaa/Zotero/storage/2DRQ7AUD/Neuroimaging genetics approaches to identify new biomarkers for the early diagnosis of autism spectrum disorder.pdf,03_Video_Behavior; 00_All_ASD_AI_Literature,exclude,"Relevant to broader multimodal ASD AI, but not central to current speech/language ASD workflow.",exclude,,,,,exclude,,,,,,Not_appraised,exclude,"Relevant to broader multimodal ASD AI, but not central to current speech/language ASD workflow."
P059,GBSRL6QN,Medium,review_background_or_gap,review/synthesis paper useful for background and gap framing,Artificial intelligence in positive mental health: a narrative review,2024,Frontiers in Digital Health,Review / Survey; General AI / ML Prediction,10.3389/fdgth.2024.1280235,yes,/Users/porschecaa/Zotero/storage/IP4F7MBA/Artificial intelligence in positive mental health - a narrative review.pdf,06_Clinical_Ethics_Privacy; 07_Review_Papers; 00_All_ASD_AI_Literature,exclude,"Peripheral, editorial/opinion, animal-only, or broad mental-health source; not needed for speech/NLP ASD review.",exclude,,,,,exclude,,,,,,Not_appraised,exclude,"Peripheral, editorial/opinion, animal-only, or broad mental-health source; not needed for speech/NLP ASD review."
P060,RSWB7VEV,Medium,clinical_screening_context,clinical screening/assessment relevance; video/behavior modality; useful mainly for multimodal/future-work context,Autism Spectrum Disorder Screening on HomeVideos Using Deep Learning,2024,International Journal of Image Graphics and Signal Processing,Video / Behavior / Movement; Clinical Tools / Screening; General AI / ML Prediction,10.5815/ijigsp.2024.04.08,yes,/Users/porschecaa/Zotero/storage/CJEUHDPU/Autism Spectrum Disorder Screening on HomeVideos Using Deep Learning.pdf,03_Video_Behavior; 00_All_ASD_AI_Literature,exclude,"Relevant to broader multimodal ASD AI, but not central to current speech/language ASD workflow.",exclude,,,,,exclude,,,,,,Not_appraised,exclude,"Relevant to broader multimodal ASD AI, but not central to current speech/language ASD workflow."
P061,IZZE6KCS,Medium,clinical_screening_context,clinical screening/assessment relevance,Clinical Practice Guidelines on using artificial intelligence and gadgets for mental health and well-being,2024,Indian Journal of Psychiatry,Intervention / Therapy / Education; General AI / ML Prediction,10.4103/indianjpsychiatry.indianjpsychiatry_926_23,yes,/Users/porschecaa/Downloads/Clinical Practice Guidelines on using artificial intelligence and gadgets for mental health and well-being.pdf,01_Speech_Audio; 00_All_ASD_AI_Literature; 06_Clinical_Ethics_Privacy,exclude,"Not selected after balancing relevance, evidence strength, and redundancy against stronger included papers.",exclude,,,,,exclude,,,,,,Not_appraised,exclude,"Not selected after balancing relevance, evidence strength, and redundancy against stronger included papers."
P062,DD3Q7SBP,Medium,clinical_screening_context,clinical screening/assessment relevance; video/behavior modality; useful mainly for multimodal/future-work context; less central modality for current speech/language project; PDF missing; title/abstract screening only until PDF is retrieved,Detection of Autism Spectrum Disorders from EEG Signals using Multi-Input One-Dimensional Convolutional Neural Networks,2024,not reported,Video / Behavior / Movement; Neuroimaging / EEG / Biomarkers; Clinical Tools / Screening,10.1109/siu61531.2024.10601094,no,,00_All_ASD_AI_Literature; 03_Video_Behavior; 06_Clinical_Ethics_Privacy,exclude,"Relevant to broader multimodal ASD AI, but not central to current speech/language ASD workflow.",exclude,,,,,exclude,,,,,,Not_appraised,exclude,"Relevant to broader multimodal ASD AI, but not central to current speech/language ASD workflow."
P063,PV7XF7MD,Medium,clinical_screening_context,clinical screening/assessment relevance,From Data to Diagnosis: AI’s Role in Transforming Neurodevelopmental Healthcare,2024,African Journal of Biomedical Research,Clinical Tools / Screening; Intervention / Therapy / Education,10.53555/ajbr.v27i6s.7886,yes,/Users/porschecaa/Zotero/storage/X8I8SFJB/From Data to Diagnosis - AI’s Role in Transforming Neurodevelopmental Healthcare.pdf,01_Speech_Audio; 06_Clinical_Ethics_Privacy; 00_All_ASD_AI_Literature,exclude,"Not selected after balancing relevance, evidence strength, and redundancy against stronger included papers.",exclude,,,,,exclude,,,,,,Not_appraised,exclude,"Not selected after balancing relevance, evidence strength, and redundancy against stronger included papers."
P064,7KVP8XNC,Medium,clinical_screening_context,clinical screening/assessment relevance,Leveraging AI for the diagnosis and treatment of autism spectrum disorder: Current trends and future prospects.,2024,Asian journal of psychiatry,Clinical Tools / Screening; Intervention / Therapy / Education; General AI / ML Prediction,10.1016/j.ajp.2024.104241,yes,/Users/porschecaa/Downloads/Leveraging AI for the diagnosis and treatment of autism spectrum disorder - Current trends and future prospects.pdf,03_Video_Behavior; 00_All_ASD_AI_Literature,exclude,"Not selected after balancing relevance, evidence strength, and redundancy against stronger included papers.",exclude,,,,,exclude,,,,,,Not_appraised,exclude,"Not selected after balancing relevance, evidence strength, and redundancy against stronger included papers."
P065,YVSWDB6F,Medium,clinical_screening_context,clinical screening/assessment relevance,Machine learning classification of autism spectrum disorder based on reciprocity in naturalistic social interactions,2024,Translational Psychiatry,Clinical Tools / Screening; General AI / ML Prediction,10.1038/s41398-024-02802-5,yes,/Users/porschecaa/Zotero/storage/RG835D8P/Machine learning classification of autism spectrum disorder based on reciprocity in naturalistic social interactions.pdf,03_Video_Behavior; 06_Clinical_Ethics_Privacy; 00_All_ASD_AI_Literature,exclude,"Not selected after balancing relevance, evidence strength, and redundancy against stronger included papers.",exclude,,,,,exclude,,,,,,Not_appraised,exclude,"Not selected after balancing relevance, evidence strength, and redundancy against stronger included papers."
P066,RNYMMKF9,Medium,clinical_screening_context,clinical screening/assessment relevance; video/behavior modality; useful mainly for multimodal/future-work context; PDF missing; title/abstract screening only until PDF is retrieved,Predictive approach for Autism Detection using Computer Vision and Deep Learning,2024,not reported,Video / Behavior / Movement; Clinical Tools / Screening; Intervention / Therapy / Education; General AI / ML Prediction,10.1109/mitadtsocicon60330.2024.10575142,no,,00_All_ASD_AI_Literature; 03_Video_Behavior,exclude,"Relevant to broader multimodal ASD AI, but not central to current speech/language ASD workflow.",exclude,,,,,exclude,,,,,,Not_appraised,exclude,"Relevant to broader multimodal ASD AI, but not central to current speech/language ASD workflow."
P067,K4BGUVA2,Medium,clinical_screening_context,clinical screening/assessment relevance; video/behavior modality; useful mainly for multimodal/future-work context,Reliable Autism Spectrum Disorder Diagnosis for Pediatrics Using Machine Learning and Explainable AI,2024,Diagnostics,Video / Behavior / Movement; Clinical Tools / Screening; Intervention / Therapy / Education; General AI / ML Prediction,10.3390/diagnostics14222504,yes,/Users/porschecaa/Downloads/Reliable Autism Spectrum Disorder Diagnosis for Pediatrics Using Machine Learning and Explainable AI.pdf,03_Video_Behavior; 00_All_ASD_AI_Literature; 06_Clinical_Ethics_Privacy,exclude,"Relevant to broader multimodal ASD AI, but not central to current speech/language ASD workflow.",exclude,,,,,exclude,,,,,,Not_appraised,exclude,"Relevant to broader multimodal ASD AI, but not central to current speech/language ASD workflow."
P068,SHQ9NSPW,Medium,review_background_or_gap,review/synthesis paper useful for background and gap framing; video/behavior modality; useful mainly for multimodal/future-work context; less central modality for current speech/language project,Sensing technologies and machine learning methods for emotion recognition in autism: Systematic review,2024,International Journal of Medical Informatics,Review / Survey; Video / Behavior / Movement; General AI / ML Prediction,10.1016/j.ijmedinf.2024.105469,yes,/Users/porschecaa/Zotero/storage/2Y6U56XW/Sensing technologies and machine learning methods for emotion recognition in autism - Systematic review.pdf,06_Clinical_Ethics_Privacy; 07_Review_Papers; 00_All_ASD_AI_Literature,exclude,"Relevant to broader multimodal ASD AI, but not central to current speech/language ASD workflow.",exclude,,,,,exclude,,,,,,Not_appraised,exclude,"Relevant to broader multimodal ASD AI, but not central to current speech/language ASD workflow."
P069,96KLN4QP,Medium,clinical_screening_context,clinical screening/assessment relevance,Transparent deep learning to identify autism spectrum disorders (ASD) in EHR using clinical notes,2024,Journal of the American Medical Informatics Association,General AI / ML Prediction,,yes,/Users/porschecaa/Downloads/Transparent deep learning to identify autism spectrum disorders (ASD) in EHR using clinical notes.pdf,02_Language_Text; 00_All_ASD_AI_Literature; 06_Clinical_Ethics_Privacy,exclude,"Not selected after balancing relevance, evidence strength, and redundancy against stronger included papers.",exclude,,,,,exclude,,,,,,Not_appraised,exclude,"Not selected after balancing relevance, evidence strength, and redundancy against stronger included papers."
P070,I7QH5SZP,Medium,clinical_screening_context,clinical screening/assessment relevance; video/behavior modality; useful mainly for multimodal/future-work context; less central modality for current speech/language project,Utilizing deep learning models in an intelligent eye-tracking system for autism spectrum disorder diagnosis,2024,Frontiers in Medicine,Eye Tracking / Gaze; Clinical Tools / Screening; General AI / ML Prediction,10.3389/fmed.2024.1436646,yes,/Users/porschecaa/Zotero/storage/BTQS8548/Utilizing deep learning models in an intelligent eye-tracking system for autism spectrum disorder diagnosis.pdf,03_Video_Behavior; 06_Clinical_Ethics_Privacy; 00_All_ASD_AI_Literature,exclude,"Relevant to broader multimodal ASD AI, but not central to current speech/language ASD workflow.",exclude,,,,,exclude,,,,,,Not_appraised,exclude,"Relevant to broader multimodal ASD AI, but not central to current speech/language ASD workflow."
P071,MMJXY5DF,Medium,clinical_screening_context,clinical screening/assessment relevance,Validation of a Mobile App for Remote Autism Screening in Toddlers,2024,NEJM AI,Clinical Tools / Screening,,yes,/Users/porschecaa/Downloads/Validation of a Mobile App for Remote Autism Screening in Toddlers.pdf,03_Video_Behavior; 00_All_ASD_AI_Literature; 06_Clinical_Ethics_Privacy,maybe,Good clinical remote-screening validation angle; add if mobile-app workflow becomes central.,maybe,,,,,maybe,,,,,,Not_appraised,reserve_candidate,Good clinical remote-screening validation angle; add if mobile-app workflow becomes central.
P072,4T2ZMISW,Medium,clinical_screening_context,clinical screening/assessment relevance; video/behavior modality; useful mainly for multimodal/future-work context,Video Based Computational Coding of Movement Anomalies in ASD Children,2024,not reported,Video / Behavior / Movement; Clinical Tools / Screening; Intervention / Therapy / Education; General AI / ML Prediction,10.1109/cvprw63382.2024.00045,yes,/Users/porschecaa/Downloads/Video Based Computational Coding of Movement Anomalies in ASD Children.pdf,03_Video_Behavior; 00_All_ASD_AI_Literature; 06_Clinical_Ethics_Privacy,exclude,"Relevant to broader multimodal ASD AI, but not central to current speech/language ASD workflow.",exclude,,,,,exclude,,,,,,Not_appraised,exclude,"Relevant to broader multimodal ASD AI, but not central to current speech/language ASD workflow."
P073,IWCUAR8F,Medium,clinical_screening_context,clinical screening/assessment relevance; video/behavior modality; useful mainly for multimodal/future-work context,Autism Spectrum Disorder of Computational Prediction using Machine Learning,2025,not reported,Video / Behavior / Movement; Clinical Tools / Screening; Intervention / Therapy / Education; General AI / ML Prediction,10.1109/icscn67106.2025.11308691,yes,/Users/porschecaa/Downloads/Autism Spectrum Disorder of Computational Prediction using Machine Learning.pdf,03_Video_Behavior; 00_All_ASD_AI_Literature; 06_Clinical_Ethics_Privacy,exclude,"Relevant to broader multimodal ASD AI, but not central to current speech/language ASD workflow.",exclude,,,,,exclude,,,,,,Not_appraised,exclude,"Relevant to broader multimodal ASD AI, but not central to current speech/language ASD workflow."
P074,PBUNR78Z,Medium,clinical_screening_context,clinical screening/assessment relevance; video/behavior modality; useful mainly for multimodal/future-work context,Automated AI based identification of autism spectrum disorder from home videos,2025,npj Digital Medicine,Video / Behavior / Movement; Clinical Tools / Screening; General AI / ML Prediction,10.1038/s41746-025-01993-5,yes,/Users/porschecaa/Zotero/storage/XTNFEPHH/Automated AI based identification of autism spectrum disorder from home videos.pdf,03_Video_Behavior; 06_Clinical_Ethics_Privacy; 00_All_ASD_AI_Literature,exclude,"Relevant to broader multimodal ASD AI, but not central to current speech/language ASD workflow.",exclude,,,,,exclude,,,,,,Not_appraised,exclude,"Relevant to broader multimodal ASD AI, but not central to current speech/language ASD workflow."
P075,FSRV7CWR,Medium,review_background_or_gap,review/synthesis paper useful for background and gap framing; video/behavior modality; useful mainly for multimodal/future-work context,Editorial: Autism: the movement (sensing) perspective a decade later,2025,Frontiers in Integrative Neuroscience,Review / Survey; Video / Behavior / Movement,10.3389/fnint.2025.1634265,yes,/Users/porschecaa/Zotero/storage/T8U3YWYW/Editorial - Autism - the movement (sensing) perspective a decade later.pdf,01_Speech_Audio; 05_Multimodal_AI; 06_Clinical_Ethics_Privacy; 00_All_ASD_AI_Literature,exclude,"Peripheral, editorial/opinion, animal-only, or broad mental-health source; not needed for speech/NLP ASD review.",exclude,,,,,exclude,,,,,,Not_appraised,exclude,"Peripheral, editorial/opinion, animal-only, or broad mental-health source; not needed for speech/NLP ASD review."
P076,BP4ANM7L,Medium,clinical_screening_context,clinical screening/assessment relevance; video/behavior modality; useful mainly for multimodal/future-work context,Enhancing the Diagnosis of Early Autism Spectrum Disorder: A Comparative Study of Explainable Machine Learning Models and Feature Importance Analysis,2025,Journal of Disability Research,Video / Behavior / Movement; Clinical Tools / Screening; General AI / ML Prediction,10.57197/jdr-2025-0662,yes,/Users/porschecaa/Downloads/Enhancing the Diagnosis of Early Autism Spectrum Disorder - A Comparative Study of Explainable Machine Learning Models and Feature Importance Analysis.pdf,03_Video_Behavior; 00_All_ASD_AI_Literature; 06_Clinical_Ethics_Privacy,exclude,"Relevant to broader multimodal ASD AI, but not central to current speech/language ASD workflow.",exclude,,,,,exclude,,,,,,Not_appraised,exclude,"Relevant to broader multimodal ASD AI, but not central to current speech/language ASD workflow."
P077,VDSNGK2Y,Medium,clinical_screening_context,clinical screening/assessment relevance; video/behavior modality; useful mainly for multimodal/future-work context; less central modality for current speech/language project,Explainable and secure framework for autism prediction using multimodal eye tracking and kinematic data,2025,Complex & Intelligent Systems,Video / Behavior / Movement; Eye Tracking / Gaze; Clinical Tools / Screening; Intervention / Therapy / Education; General AI / ML Prediction,10.1007/s40747-025-01790-3,yes,/Users/porschecaa/Zotero/storage/6RZPTZB9/Explainable and secure framework for autism prediction using multimodal eye tracking and kinematic data.pdf,03_Video_Behavior; 05_Multimodal_AI; 06_Clinical_Ethics_Privacy; 00_All_ASD_AI_Literature,exclude,"Relevant to broader multimodal ASD AI, but not central to current speech/language ASD workflow.",exclude,,,,,exclude,,,,,,Not_appraised,exclude,"Relevant to broader multimodal ASD AI, but not central to current speech/language ASD workflow."
P078,BLSQ96QE,Medium,multimodal_or_future_work_context,video/behavior modality; useful mainly for multimodal/future-work context; less central modality for current speech/language project; PDF missing; title/abstract screening only until PDF is retrieved,Machine Learning Predictive Models for Autism Spectrum Disorder Using Eye-Tracking Technology,2025,IEEE Conference Publication,Eye Tracking / Gaze; General AI / ML Prediction,,no,,00_All_ASD_AI_Literature; 03_Video_Behavior,exclude,"Relevant to broader multimodal ASD AI, but not central to current speech/language ASD workflow.",exclude,,,,,exclude,,,,,,Not_appraised,exclude,"Relevant to broader multimodal ASD AI, but not central to current speech/language ASD workflow."
P079,9J3ZR88N,Medium,clinical_screening_context,clinical screening/assessment relevance; video/behavior modality; useful mainly for multimodal/future-work context; less central modality for current speech/language project,Multi-modal data analysis for autism spectrum disorder in children: State of the art and trends,2025,EngMedicine,Video / Behavior / Movement; Neuroimaging / EEG / Biomarkers; Clinical Tools / Screening; Intervention / Therapy / Education,10.1016/j.engmed.2025.100117,yes,/Users/porschecaa/Downloads/Multi-modal data analysis for autism spectrum disorder in children - State of the art and trends.pdf,03_Video_Behavior; 05_Multimodal_AI; 00_All_ASD_AI_Literature; 06_Clinical_Ethics_Privacy,exclude,"Relevant to broader multimodal ASD AI, but not central to current speech/language ASD workflow.",exclude,,,,,exclude,,,,,,Not_appraised,exclude,"Relevant to broader multimodal ASD AI, but not central to current speech/language ASD workflow."
P080,V6IXTZNS,Medium,clinical_screening_context,clinical screening/assessment relevance; less central modality for current speech/language project,Robust Autism Spectrum Disorder Screening Based on Facial Images (For Disability Diagnosis): A Domain-Adaptive Deep Ensemble Approach,2025,Diagnostics,Clinical Tools / Screening,10.3390/diagnostics15131601,yes,/Users/porschecaa/Zotero/storage/ES89CKL3/Robust Autism Spectrum Disorder Screening Based on Facial Images (For Disability Diagnosis) - A Domain-Adaptive Deep Ensemble Approach.pdf,09_Thai_Local_Context,exclude,"Not selected after balancing relevance, evidence strength, and redundancy against stronger included papers.",exclude,,,,,exclude,,,,,,Not_appraised,exclude,"Not selected after balancing relevance, evidence strength, and redundancy against stronger included papers."
P081,EBNLBR4Y,Medium,clinical_screening_context,clinical screening/assessment relevance; video/behavior modality; useful mainly for multimodal/future-work context,The use of Artificial Intelligence for Intervention and Assessment in Individuals with ASD,2025,ArXiv,Video / Behavior / Movement; Clinical Tools / Screening; Intervention / Therapy / Education; General AI / ML Prediction,10.48550/arxiv.2505.02747,yes,/Users/porschecaa/Zotero/storage/YKBRDFG8/The use of Artificial Intelligence for Intervention and Assessment in Individuals with ASD.pdf,03_Video_Behavior; 06_Clinical_Ethics_Privacy; 00_All_ASD_AI_Literature,exclude,"Relevant to broader multimodal ASD AI, but not central to current speech/language ASD workflow.",exclude,,,,,exclude,,,,,,Not_appraised,exclude,"Relevant to broader multimodal ASD AI, but not central to current speech/language ASD workflow."
P082,8FEXCLN5,Medium,multimodal_or_future_work_context,video/behavior modality; useful mainly for multimodal/future-work context,Deep learning based approach for Behavior classification in diagnoses of Autism Spectrum Disorder using naturalistic videos,2026,Frontiers in Computational Neuroscience,Video / Behavior / Movement; General AI / ML Prediction,10.3389/fncom.2026.1626315,yes,/Users/porschecaa/Zotero/storage/ZNT84XTK/Deep learning based approach for Behavior classification in diagnoses of Autism Spectrum Disorder using naturalistic videos.pdf,03_Video_Behavior; 00_All_ASD_AI_Literature,exclude,"Relevant to broader multimodal ASD AI, but not central to current speech/language ASD workflow.",exclude,,,,,exclude,,,,,,Not_appraised,exclude,"Relevant to broader multimodal ASD AI, but not central to current speech/language ASD workflow."
P083,Q5WYSSFN,Medium,clinical_screening_context,clinical screening/assessment relevance; video/behavior modality; useful mainly for multimodal/future-work context,Unified interpretable AI for autism diagnosis and scalable severity-aware personalized adaptive e-learning,2026,Discover Applied Sciences,Video / Behavior / Movement; Clinical Tools / Screening; Intervention / Therapy / Education; General AI / ML Prediction,10.1007/s42452-026-08335-4,yes,/Users/porschecaa/Zotero/storage/BWYJLHHC/Unified interpretable AI for autism diagnosis and scalable severity-aware personalized adaptive e-learning.pdf,03_Video_Behavior; 05_Multimodal_AI; 06_Clinical_Ethics_Privacy; 00_All_ASD_AI_Literature,exclude,"Relevant to broader multimodal ASD AI, but not central to current speech/language ASD workflow.",exclude,,,,,exclude,,,,,,Not_appraised,exclude,"Relevant to broader multimodal ASD AI, but not central to current speech/language ASD workflow."
P084,5QKRXXQ8,Low,peripheral_or_context,metadata match is broad; manually verify relevance,Artificial Intelligence in Mental Health Care,2023,Indian Journal of Psychiatric Nursing,General AI / ML Prediction,10.4103/iopn.iopn_50_23,yes,/Users/porschecaa/Downloads/Artificial Intelligence in Mental Health Care.pdf,01_Speech_Audio; 00_All_ASD_AI_Literature; 06_Clinical_Ethics_Privacy,exclude,"Peripheral, editorial/opinion, animal-only, or broad mental-health source; not needed for speech/NLP ASD review.",exclude,,,,,exclude,,,,,,Not_appraised,exclude,"Peripheral, editorial/opinion, animal-only, or broad mental-health source; not needed for speech/NLP ASD review."
P085,AWWU87TM,Low,peripheral_or_context,metadata match is broad; manually verify relevance,Editorial: Emerging artificial intelligence technologies for neurological and neuropsychiatric research,2024,Frontiers in Neuroscience,General AI / ML Prediction,10.3389/fnins.2024.1518442,yes,/Users/porschecaa/Zotero/storage/99FSNIKC/Editorial - Emerging artificial intelligence technologies for neurological and neuropsychiatric research.pdf,03_Video_Behavior; 05_Multimodal_AI; 06_Clinical_Ethics_Privacy; 00_All_ASD_AI_Literature,exclude,"Peripheral, editorial/opinion, animal-only, or broad mental-health source; not needed for speech/NLP ASD review.",exclude,,,,,exclude,,,,,,Not_appraised,exclude,"Peripheral, editorial/opinion, animal-only, or broad mental-health source; not needed for speech/NLP ASD review."
P086,6AFZDK4K,Low,peripheral_or_context,metadata match is broad; manually verify relevance,Machine Learning Prediction of Autism Spectrum Disorder From a Minimal Set of Medical and Background Information,2024,JAMA Network Open,General AI / ML Prediction,,yes,/Users/porschecaa/Downloads/Machine Learning Prediction of Autism Spectrum Disorder From a Minimal Set of Medical and Background Information.pdf,04_Questionnaire_Screening; 00_All_ASD_AI_Literature; 06_Clinical_Ethics_Privacy,exclude,"Peripheral, editorial/opinion, animal-only, or broad mental-health source; not needed for speech/NLP ASD review.",exclude,,,,,exclude,,,,,,Not_appraised,exclude,"Peripheral, editorial/opinion, animal-only, or broad mental-health source; not needed for speech/NLP ASD review."
P087,BVJBF2UV,Low,peripheral_or_context,metadata match is broad; manually verify relevance,Effectiveness of Artificial Intelligence–Based Platform in Administering Therapies for Children With Autism Spectrum Disorder: 12-Month Observational Study,2025,JMIR Neurotechnology,Intervention / Therapy / Education; General AI / ML Prediction,10.2196/70589,yes,/Users/porschecaa/Downloads/Effectiveness of Artificial Intelligence–Based Platform in Administering Therapies for Children With Autism Spectrum Disorder - 12-Month Observational Study.pdf,03_Video_Behavior; 00_All_ASD_AI_Literature; 06_Clinical_Ethics_Privacy,exclude,"Peripheral, editorial/opinion, animal-only, or broad mental-health source; not needed for speech/NLP ASD review.",exclude,,,,,exclude,,,,,,Not_appraised,exclude,"Peripheral, editorial/opinion, animal-only, or broad mental-health source; not needed for speech/NLP ASD review."
P088,LICTUIET,Low,peripheral_or_context,metadata match is broad; manually verify relevance,Leveraging AI-based digital systems in psychological interventions: a research opinion,2025,Frontiers in Digital Health,Intervention / Therapy / Education,10.3389/fdgth.2025.1693504,yes,/Users/porschecaa/Zotero/storage/D669CZW3/Leveraging AI-based digital systems in psychological interventions - a research opinion.pdf,03_Video_Behavior; 05_Multimodal_AI; 06_Clinical_Ethics_Privacy; 00_All_ASD_AI_Literature,exclude,"Peripheral, editorial/opinion, animal-only, or broad mental-health source; not needed for speech/NLP ASD review.",exclude,,,,,exclude,,,,,,Not_appraised,exclude,"Peripheral, editorial/opinion, animal-only, or broad mental-health source; not needed for speech/NLP ASD review."
